lot_id,component_id,wafer_x,wafer_y,iddq_0h,iddq_24h,iddq_96h,iddq_168h_actual,is_defective_gt,failure_mode_gt
LOT_2026_01,LOT_2026_01_COMP_0000,0.5009,0.0,15.94,16.86,17.02,17.41,0,HEALTHY
LOT_2026_01,LOT_2026_01_COMP_0001,0.0556,0.2074,10.99,12.61,12.18,12.41,0,HEALTHY
LOT_2026_01,LOT_2026_01_COMP_0002,0.8206,-0.0587,13.19,14.82,14.95,14.82,0,HEALTHY
LOT_2026_01,LOT_2026_01_COMP_0003,0.1061,-0.1795,13.26,14.59,13.94,15.17,0,HEALTHY
LOT_2026_01,LOT_2026_01_COMP_0004,0.0721,0.3335,14.25,15.48,15.42,15.52,0,HEALTHY
LOT_2026_01,LOT_2026_01_COMP_0005,0.7133,0.3083,14.05,14.82,15.74,15.36,0,HEALTHY
LOT_2026_01,LOT_2026_01_COMP_0006,0.432,0.0654,15.08,29.67,221.53,1664.64,1,THERMAL_RUNAWAY_EXP
LOT_2026_01,LOT_2026_01_COMP_0007,0.0245,0.8173,14.31,15.57,16.26,15.68,0,HEALTHY
LOT_2026_01,LOT_2026_01_COMP_0008,-0.6484,0.705,14.5,15.44,15.38,15.94,0,HEALTHY
LOT_2026_01,LOT_2026_01_COMP_0009,-0.2436,-0.5995,15.23,16.06,17.01,16.54,0,HEALTHY
LOT_2026_01,LOT_2026_01_COMP_0010,-0.0876,0.5697,14.69,15.25,15.88,16.41,0,HEALTHY
LOT_2026_01,LOT_2026_01_COMP_0011,0.178,0.5014,14.52,15.66,15.83,16.35,0,HEALTHY
LOT_2026_01,LOT_2026_01_COMP_0012,-0.3946,-0.1748,13.32,14.47,14.84,14.44,0,HEALTHY
LOT_2026_01,LOT_2026_01_COMP_0013,-0.4027,0.3936,16.26,17.16,17.74,18.0,0,HEALTHY
LOT_2026_01,LOT_2026_01_COMP_0014,-0.6461,0.2524,14.73,15.95,15.55,15.78,0,HEALTHY
LOT_2026_01,LOT_2026_01_COMP_0015,-0.1183,0.2356,13.52,14.77,14.95,15.0,0,HEALTHY
LOT_2026_01,LOT_2026_01_COMP_0016,0.4796,-0.6892,14.09,15.39,15.87,15.69,0,HEALTHY
LOT_2026_01,LOT_2026_01_COMP_0017,-0.4044,-0.3887,12.97,14.19,14.44,14.37,0,HEALTHY
LOT_2026_01,LOT_2026_01_COMP_0018,0.2692,-0.8203,15.54,17.15,16.31,17.09,0,HEALTHY
LOT_2026_01,LOT_2026_01_COMP_0019,-0.3498,-0.5252,11.33,12.16,12.78,12.53,0,HEALTHY
LOT_2026_01,LOT_2026_01_COMP_0020,-0.2406,0.7418,13.81,14.81,15.86,15.09,0,HEALTHY
LOT_2026_01,LOT_2026_01_COMP_0021,-0.576,-0.6298,14.83,15.76,16.55,15.66,0,HEALTHY
LOT_2026_01,LOT_2026_01_COMP_0022,-0.6192,-0.1958,9.94,11.24,11.29,11.25,0,HEALTHY
LOT_2026_01,LOT_2026_01_COMP_0023,-0.4504,-0.4371,15.28,16.54,16.76,16.4,0,HEALTHY
LOT_2026_01,LOT_2026_01_COMP_0024,-0.294,0.3818,15.23,16.34,16.0,16.48,0,HEALTHY
LOT_2026_01,LOT_2026_01_COMP_0025,0.174,0.6414,13.35,14.8,14.72,14.28,0,HEALTHY
LOT_2026_01,LOT_2026_01_COMP_0026,0.1731,-0.5857,14.5,15.56,15.54,15.45,0,HEALTHY
LOT_2026_01,LOT_2026_01_COMP_0027,-0.183,-0.7417,17.8,19.23,19.36,19.64,0,HEALTHY
LOT_2026_01,LOT_2026_01_COMP_0028,-0.2574,-0.1837,12.26,12.93,13.73,13.65,0,HEALTHY
LOT_2026_01,LOT_2026_01_COMP_0029,0.8403,0.1877,15.06,16.12,16.45,16.7,0,HEALTHY
LOT_2026_01,LOT_2026_01_COMP_0030,-0.2688,0.1046,12.96,14.08,14.2,14.12,0,HEALTHY
LOT_2026_01,LOT_2026_01_COMP_0031,0.0401,-0.353,13.8,15.14,14.49,15.17,0,HEALTHY
LOT_2026_01,LOT_2026_01_COMP_0032,0.1463,0.5491,12.79,14.64,13.97,13.83,0,HEALTHY
LOT_2026_01,LOT_2026_01_COMP_0033,-0.7481,0.2887,13.81,15.2,15.25,15.42,0,HEALTHY
LOT_2026_01,LOT_2026_01_COMP_0034,0.5801,0.8142,14.62,15.41,16.12,15.5,0,HEALTHY
LOT_2026_01,LOT_2026_01_COMP_0035,-0.5233,-0.0849,10.41,11.6,11.78,12.3,0,HEALTHY
LOT_2026_01,LOT_2026_01_COMP_0036,-0.3172,0.694,16.67,17.35,18.68,17.97,0,HEALTHY
LOT_2026_01,LOT_2026_01_COMP_0037,0.8042,0.4752,19.86,39.21,292.34,2192.69,1,THERMAL_RUNAWAY_EXP
LOT_2026_01,LOT_2026_01_COMP_0038,0.6888,0.5611,17.9,18.36,18.51,19.47,0,HEALTHY
LOT_2026_01,LOT_2026_01_COMP_0039,-0.4606,0.0773,13.63,14.4,15.03,14.81,0,HEALTHY
LOT_2026_01,LOT_2026_01_COMP_0040,0.3583,0.4672,13.03,14.19,14.26,14.34,0,HEALTHY
LOT_2026_01,LOT_2026_01_COMP_0041,0.4231,-0.7365,13.59,14.27,15.42,15.13,0,HEALTHY
LOT_2026_01,LOT_2026_01_COMP_0042,-0.5018,-0.3196,11.45,12.72,13.23,12.93,0,HEALTHY
LOT_2026_01,LOT_2026_01_COMP_0043,0.379,0.5631,12.78,13.38,14.17,14.38,0,HEALTHY
LOT_2026_01,LOT_2026_01_COMP_0044,0.048,-0.492,12.49,13.79,13.38,14.1,0,HEALTHY
LOT_2026_01,LOT_2026_01_COMP_0045,0.4033,0.3465,13.48,13.97,14.83,14.96,0,HEALTHY
LOT_2026_01,LOT_2026_01_COMP_0046,0.6441,0.6414,13.29,14.84,14.55,14.54,0,HEALTHY
LOT_2026_01,LOT_2026_01_COMP_0047,0.9335,0.0547,15.3,15.56,16.64,16.67,0,HEALTHY
LOT_2026_01,LOT_2026_01_COMP_0048,-0.36,0.1147,14.54,15.4,15.32,16.03,0,HEALTHY
LOT_2026_01,LOT_2026_01_COMP_0049,-0.4518,-0.2755,10.44,11.29,12.24,12.04,0,HEALTHY
LOT_2026_01,LOT_2026_01_COMP_0050,0.2487,0.6807,15.98,17.2,17.69,16.69,0,HEALTHY
LOT_2026_01,LOT_2026_01_COMP_0051,0.0696,-0.9466,13.55,14.67,15.09,14.43,0,HEALTHY
LOT_2026_01,LOT_2026_01_COMP_0052,-0.5963,0.4969,11.14,12.06,12.63,12.36,0,HEALTHY
LOT_2026_01,LOT_2026_01_COMP_0053,0.1329,-0.8211,17.41,18.38,18.36,19.08,0,HEALTHY
LOT_2026_01,LOT_2026_01_COMP_0054,-0.4764,-0.2359,14.38,15.43,16.1,15.52,0,HEALTHY
LOT_2026_01,LOT_2026_01_COMP_0055,-0.4579,-0.2586,16.59,36.55,97.43,159.0,1,ELECTROMIGRATION_LINEAR
LOT_2026_01,LOT_2026_01_COMP_0056,-0.0669,0.3896,10.84,12.18,12.26,12.21,0,HEALTHY
LOT_2026_01,LOT_2026_01_COMP_0057,0.422,0.6969,18.42,19.95,19.68,19.54,0,HEALTHY
LOT_2026_01,LOT_2026_01_COMP_0058,0.8459,0.4767,17.87,18.47,19.64,19.28,0,HEALTHY
LOT_2026_01,LOT_2026_01_COMP_0059,-0.7742,-0.2863,12.29,12.89,13.4,13.97,0,HEALTHY
LOT_2026_01,LOT_2026_01_COMP_0060,0.3314,-0.8679,11.55,13.12,12.78,13.22,0,HEALTHY
LOT_2026_01,LOT_2026_01_COMP_0061,-0.7019,-0.6472,19.98,20.99,21.47,22.14,0,HEALTHY
LOT_2026_01,LOT_2026_01_COMP_0062,0.2106,0.8781,14.87,15.74,16.25,16.37,0,HEALTHY
LOT_2026_01,LOT_2026_01_COMP_0063,-0.5932,-0.6913,16.58,31.86,243.79,1829.57,1,THERMAL_RUNAWAY_EXP
LOT_2026_01,LOT_2026_01_COMP_0064,0.1645,0.0055,10.71,11.99,12.41,12.11,0,HEALTHY
LOT_2026_01,LOT_2026_01_COMP_0065,0.2789,-0.4039,12.29,13.25,13.65,13.48,0,HEALTHY
LOT_2026_01,LOT_2026_01_COMP_0066,-0.3182,0.4063,12.49,13.63,13.43,13.45,0,HEALTHY
LOT_2026_01,LOT_2026_01_COMP_0067,0.4786,-0.3887,16.62,18.52,17.67,17.21,0,HEALTHY
LOT_2026_01,LOT_2026_01_COMP_0068,0.0266,-0.6918,13.36,15.34,14.34,14.53,0,HEALTHY
LOT_2026_01,LOT_2026_01_COMP_0069,0.2436,-0.5119,14.2,15.05,15.61,15.88,0,HEALTHY
LOT_2026_01,LOT_2026_01_COMP_0070,-0.0739,-0.657,13.93,14.79,14.68,14.95,0,HEALTHY
LOT_2026_01,LOT_2026_01_COMP_0071,-0.7344,-0.1378,12.47,14.02,13.44,13.29,0,HEALTHY
LOT_2026_01,LOT_2026_01_COMP_0072,0.0267,-0.6268,13.87,15.56,14.98,15.01,0,HEALTHY
LOT_2026_01,LOT_2026_01_COMP_0073,0.757,0.0726,13.63,14.81,14.76,15.41,0,HEALTHY
LOT_2026_01,LOT_2026_01_COMP_0074,-0.2961,0.5389,14.11,15.26,15.23,15.24,0,HEALTHY
LOT_2026_01,LOT_2026_01_COMP_0075,0.3085,0.3294,9.65,10.67,11.87,11.02,0,HEALTHY
LOT_2026_01,LOT_2026_01_COMP_0076,-0.6021,-0.0412,12.3,13.35,14.19,13.53,0,HEALTHY
LOT_2026_01,LOT_2026_01_COMP_0077,0.6298,-0.5535,12.64,13.95,13.96,13.54,0,HEALTHY
LOT_2026_01,LOT_2026_01_COMP_0078,-0.3419,0.7876,12.9,13.92,13.95,14.33,0,HEALTHY
LOT_2026_01,LOT_2026_01_COMP_0079,-0.8161,-0.1286,13.23,14.7,14.84,15.36,0,HEALTHY
LOT_2026_01,LOT_2026_01_COMP_0080,0.2826,-0.1426,12.3,13.01,14.2,13.49,0,HEALTHY
LOT_2026_01,LOT_2026_01_COMP_0081,-0.0293,0.4331,11.13,12.51,11.89,13.01,0,HEALTHY
LOT_2026_01,LOT_2026_01_COMP_0082,-0.6685,-0.261,15.53,16.98,17.18,16.96,0,HEALTHY
LOT_2026_01,LOT_2026_01_COMP_0083,-0.9206,-0.0893,14.22,14.79,15.71,15.59,0,HEALTHY
LOT_2026_01,LOT_2026_01_COMP_0084,0.1806,0.0004,15.49,16.33,16.43,17.14,0,HEALTHY
LOT_2026_01,LOT_2026_01_COMP_0085,0.0011,-0.4382,10.95,12.03,12.77,12.83,0,HEALTHY
LOT_2026_01,LOT_2026_01_COMP_0086,0.3059,-0.8579,18.12,19.46,20.03,19.03,0,HEALTHY
LOT_2026_01,LOT_2026_01_COMP_0087,-0.5188,0.7054,15.75,17.2,17.15,16.72,0,HEALTHY
LOT_2026_01,LOT_2026_01_COMP_0088,-0.6416,-0.339,14.72,16.11,16.07,16.34,0,HEALTHY
LOT_2026_01,LOT_2026_01_COMP_0089,-0.7399,-0.6016,21.06,22.44,22.87,22.74,0,HEALTHY
LOT_2026_01,LOT_2026_01_COMP_0090,0.6087,-0.2537,15.83,17.37,16.89,16.73,0,HEALTHY
LOT_2026_01,LOT_2026_01_COMP_0091,-0.5611,-0.4215,12.4,14.06,13.28,13.69,0,HEALTHY
LOT_2026_01,LOT_2026_01_COMP_0092,-0.6086,0.3365,12.67,13.86,13.98,13.83,0,HEALTHY
LOT_2026_01,LOT_2026_01_COMP_0093,-0.367,-0.1159,15.25,16.08,16.79,16.64,0,HEALTHY
LOT_2026_01,LOT_2026_01_COMP_0094,-0.4136,0.6258,16.04,17.23,16.57,17.37,0,HEALTHY
LOT_2026_01,LOT_2026_01_COMP_0095,-0.7278,-0.0393,12.57,13.66,14.09,13.97,0,HEALTHY
LOT_2026_01,LOT_2026_01_COMP_0096,-0.8405,-0.4228,15.99,16.97,17.23,18.03,0,HEALTHY
LOT_2026_01,LOT_2026_01_COMP_0097,-0.3268,0.1314,11.98,13.57,13.37,13.82,0,HEALTHY
LOT_2026_01,LOT_2026_01_COMP_0098,-0.0516,0.2371,16.61,17.85,17.73,17.93,0,HEALTHY
LOT_2026_01,LOT_2026_01_COMP_0099,0.4928,0.3035,12.86,13.79,14.49,13.96,0,HEALTHY
LOT_2026_01,LOT_2026_01_COMP_0100,0.707,0.381,13.69,14.21,15.12,15.13,0,HEALTHY
LOT_2026_01,LOT_2026_01_COMP_0101,-0.0016,0.594,14.07,15.02,15.31,15.12,0,HEALTHY
LOT_2026_01,LOT_2026_01_COMP_0102,0.5725,0.1841,11.67,13.63,12.28,13.98,0,HEALTHY
LOT_2026_01,LOT_2026_01_COMP_0103,0.391,0.4118,13.26,14.34,13.81,14.87,0,HEALTHY
LOT_2026_01,LOT_2026_01_COMP_0104,-0.0616,0.4078,14.41,15.6,15.49,16.1,0,HEALTHY
LOT_2026_01,LOT_2026_01_COMP_0105,-0.0301,-0.582,11.58,12.84,12.75,13.31,0,HEALTHY
LOT_2026_01,LOT_2026_01_COMP_0106,0.3281,0.6748,16.03,16.83,16.48,17.88,0,HEALTHY
LOT_2026_01,LOT_2026_01_COMP_0107,-0.3384,-0.7659,17.33,18.58,18.56,19.06,0,HEALTHY
LOT_2026_01,LOT_2026_01_COMP_0108,0.8799,0.1861,16.75,17.39,17.72,18.13,0,HEALTHY
LOT_2026_01,LOT_2026_01_COMP_0109,0.3966,0.4311,13.66,15.11,14.56,14.82,0,HEALTHY
LOT_2026_01,LOT_2026_01_COMP_0110,-0.4388,-0.7534,15.42,16.78,16.54,16.79,0,HEALTHY
LOT_2026_01,LOT_2026_01_COMP_0111,0.5176,0.2513,8.81,9.74,10.12,10.75,0,HEALTHY
LOT_2026_01,LOT_2026_01_COMP_0112,-0.077,-0.4935,11.69,12.94,13.42,13.2,0,HEALTHY
LOT_2026_01,LOT_2026_01_COMP_0113,0.7295,0.3418,14.63,15.76,15.28,15.21,0,HEALTHY
LOT_2026_01,LOT_2026_01_COMP_0114,0.2034,0.6074,13.49,30.79,46.89,55.51,1,NBTI_POWER_LAW
LOT_2026_01,LOT_2026_01_COMP_0115,-0.1917,-0.2197,10.21,11.5,11.41,12.28,0,HEALTHY
LOT_2026_01,LOT_2026_01_COMP_0116,-0.3795,0.6651,15.69,16.65,16.97,17.22,0,HEALTHY
LOT_2026_01,LOT_2026_01_COMP_0117,-0.4818,-0.2243,13.08,14.18,15.05,14.88,0,HEALTHY
LOT_2026_01,LOT_2026_01_COMP_0118,-0.4459,-0.1553,10.65,11.48,12.55,12.65,0,HEALTHY
LOT_2026_01,LOT_2026_01_COMP_0119,-0.3898,0.1876,11.36,12.71,12.79,13.02,0,HEALTHY
LOT_2026_01,LOT_2026_01_COMP_0120,-0.7827,-0.6087,16.8,17.8,18.58,18.56,0,HEALTHY
LOT_2026_01,LOT_2026_01_COMP_0121,-0.2738,-0.1401,9.91,11.61,11.28,11.62,0,HEALTHY
LOT_2026_01,LOT_2026_01_COMP_0122,0.0113,-0.6393,12.09,23.86,177.22,1333.8,1,THERMAL_RUNAWAY_EXP
LOT_2026_01,LOT_2026_01_COMP_0123,-0.1906,0.3108,14.86,16.07,16.16,16.07,0,HEALTHY
LOT_2026_01,LOT_2026_01_COMP_0124,-0.0387,-0.2072,9.43,10.82,10.03,10.87,0,HEALTHY
LOT_2026_01,LOT_2026_01_COMP_0125,0.7852,0.3043,15.19,17.09,16.31,16.23,0,HEALTHY
LOT_2026_01,LOT_2026_01_COMP_0126,-0.5803,0.7212,18.69,19.42,20.01,20.62,0,HEALTHY
LOT_2026_01,LOT_2026_01_COMP_0127,-0.8378,0.268,16.09,17.29,17.35,17.55,0,HEALTHY
LOT_2026_01,LOT_2026_01_COMP_0128,-0.7811,0.3888,12.8,14.02,13.99,14.61,0,HEALTHY
LOT_2026_01,LOT_2026_01_COMP_0129,-0.624,0.5306,19.0,20.6,19.5,20.73,0,HEALTHY
LOT_2026_01,LOT_2026_01_COMP_0130,-0.1164,0.2801,14.93,16.0,16.16,16.71,0,HEALTHY
LOT_2026_01,LOT_2026_01_COMP_0131,-0.3593,0.7074,14.51,16.08,15.08,15.78,0,HEALTHY
LOT_2026_01,LOT_2026_01_COMP_0132,0.601,-0.7635,18.03,19.02,19.98,20.38,0,HEALTHY
LOT_2026_01,LOT_2026_01_COMP_0133,-0.2013,0.265,13.91,14.85,15.36,15.54,0,HEALTHY
LOT_2026_01,LOT_2026_01_COMP_0134,0.344,0.1772,10.66,11.47,11.75,12.46,0,HEALTHY
LOT_2026_01,LOT_2026_01_COMP_0135,0.7673,-0.1093,15.84,17.0,17.28,17.98,0,HEALTHY
LOT_2026_01,LOT_2026_01_COMP_0136,-0.0954,-0.0742,9.81,10.94,11.44,11.65,0,HEALTHY
LOT_2026_01,LOT_2026_01_COMP_0137,-0.6513,-0.3688,11.55,12.27,12.72,12.84,0,HEALTHY
LOT_2026_01,LOT_2026_01_COMP_0138,-0.1729,-0.0475,12.57,32.31,94.27,155.03,1,ELECTROMIGRATION_LINEAR
LOT_2026_01,LOT_2026_01_COMP_0139,0.3446,0.3632,12.86,14.75,13.74,13.9,0,HEALTHY
LOT_2026_01,LOT_2026_01_COMP_0140,-0.5345,0.0653,17.07,17.64,18.21,18.86,0,HEALTHY
LOT_2026_01,LOT_2026_01_COMP_0141,0.0969,0.2217,15.11,17.03,16.36,16.53,0,HEALTHY
LOT_2026_01,LOT_2026_01_COMP_0142,0.416,-0.4372,12.2,13.47,13.49,13.75,0,HEALTHY
LOT_2026_01,LOT_2026_01_COMP_0143,-0.5229,-0.393,15.65,16.98,16.95,16.95,0,HEALTHY
LOT_2026_01,LOT_2026_01_COMP_0144,-0.3492,0.3311,12.28,14.01,14.07,13.57,0,HEALTHY
LOT_2026_01,LOT_2026_01_COMP_0145,-0.7296,-0.6599,15.34,16.82,16.92,16.86,0,HEALTHY
LOT_2026_01,LOT_2026_01_COMP_0146,-0.8559,-0.0882,16.16,17.46,17.56,17.15,0,HEALTHY
LOT_2026_01,LOT_2026_01_COMP_0147,-0.4691,0.473,15.25,16.51,17.03,17.18,0,HEALTHY
LOT_2026_01,LOT_2026_01_COMP_0148,-0.4337,0.5566,11.89,12.78,13.1,13.43,0,HEALTHY
LOT_2026_01,LOT_2026_01_COMP_0149,0.0239,0.464,13.94,15.63,14.93,15.25,0,HEALTHY
LOT_2026_01,LOT_2026_01_COMP_0150,-0.4802,0.701,13.28,14.02,14.1,14.7,0,HEALTHY
LOT_2026_01,LOT_2026_01_COMP_0151,-0.4397,0.8049,19.68,20.25,21.67,21.39,0,HEALTHY
LOT_2026_01,LOT_2026_01_COMP_0152,0.1637,0.067,12.26,13.0,13.72,14.15,0,HEALTHY
LOT_2026_01,LOT_2026_01_COMP_0153,-0.1491,-0.7767,14.27,15.81,15.03,16.03,0,HEALTHY
LOT_2026_01,LOT_2026_01_COMP_0154,0.8792,0.3437,18.38,19.43,20.27,19.99,0,HEALTHY
LOT_2026_01,LOT_2026_01_COMP_0155,0.1706,-0.3938,17.38,18.34,18.76,18.99,0,HEALTHY
LOT_2026_01,LOT_2026_01_COMP_0156,0.2673,0.0319,12.03,13.29,12.98,13.41,0,HEALTHY
LOT_2026_01,LOT_2026_01_COMP_0157,0.627,0.7052,13.32,14.53,14.2,14.9,0,HEALTHY
LOT_2026_01,LOT_2026_01_COMP_0158,-0.5633,0.4594,13.37,13.95,14.84,14.92,0,HEALTHY
LOT_2026_01,LOT_2026_01_COMP_0159,0.4097,-0.6646,14.39,15.08,15.79,15.06,0,HEALTHY
LOT_2026_01,LOT_2026_01_COMP_0160,0.4884,0.6723,15.14,15.8,17.08,17.25,0,HEALTHY
LOT_2026_01,LOT_2026_01_COMP_0161,0.4526,-0.7227,15.64,17.06,16.58,17.18,0,HEALTHY
LOT_2026_01,LOT_2026_01_COMP_0162,-0.1232,-0.7812,12.83,13.52,14.06,14.31,0,HEALTHY
LOT_2026_01,LOT_2026_01_COMP_0163,0.345,-0.0375,11.37,12.58,12.6,13.2,0,HEALTHY
LOT_2026_01,LOT_2026_01_COMP_0164,-0.0534,-0.8573,15.33,16.14,16.48,17.35,0,HEALTHY
LOT_2026_01,LOT_2026_01_COMP_0165,0.127,0.02,8.89,10.61,10.23,10.34,0,HEALTHY
LOT_2026_01,LOT_2026_01_COMP_0166,0.0575,-0.0033,13.38,15.14,15.11,15.11,0,HEALTHY
LOT_2026_01,LOT_2026_01_COMP_0167,0.5643,0.7898,14.5,16.19,16.51,16.11,0,HEALTHY
LOT_2026_01,LOT_2026_01_COMP_0168,-0.2953,-0.6938,16.72,16.97,17.59,18.5,0,HEALTHY
LOT_2026_01,LOT_2026_01_COMP_0169,-0.8954,0.1125,14.88,15.98,16.04,16.47,0,HEALTHY
LOT_2026_01,LOT_2026_01_COMP_0170,0.2229,-0.1955,7.59,8.66,8.89,9.0,0,HEALTHY
LOT_2026_01,LOT_2026_01_COMP_0171,0.2749,-0.5693,15.41,16.67,16.97,16.34,0,HEALTHY
LOT_2026_01,LOT_2026_01_COMP_0172,-0.056,0.7493,13.15,14.81,15.24,14.24,0,HEALTHY
LOT_2026_01,LOT_2026_01_COMP_0173,-0.8807,0.4436,16.14,16.66,18.17,17.91,0,HEALTHY
LOT_2026_01,LOT_2026_01_COMP_0174,0.364,-0.5019,14.4,15.58,15.84,16.37,0,HEALTHY
LOT_2026_01,LOT_2026_01_COMP_0175,0.544,0.5599,17.07,18.54,18.57,18.69,0,HEALTHY
LOT_2026_01,LOT_2026_01_COMP_0176,-0.005,-0.3031,16.36,17.22,17.7,18.24,0,HEALTHY
LOT_2026_01,LOT_2026_01_COMP_0177,0.7073,-0.4432,14.52,15.68,15.69,15.97,0,HEALTHY
LOT_2026_01,LOT_2026_01_COMP_0178,0.3229,-0.7903,12.25,12.38,13.6,13.6,0,HEALTHY
LOT_2026_01,LOT_2026_01_COMP_0179,-0.6541,0.6504,14.33,27.89,210.24,1581.93,1,THERMAL_RUNAWAY_EXP
LOT_2026_01,LOT_2026_01_COMP_0180,0.1152,0.853,20.61,20.76,21.64,22.02,0,HEALTHY
LOT_2026_01,LOT_2026_01_COMP_0181,0.1746,-0.8192,16.31,17.55,18.5,17.67,0,HEALTHY
LOT_2026_01,LOT_2026_01_COMP_0182,-0.3078,-0.2253,15.5,17.36,17.24,17.26,0,HEALTHY
LOT_2026_01,LOT_2026_01_COMP_0183,-0.5234,0.4674,13.17,14.72,14.95,14.22,0,HEALTHY
LOT_2026_01,LOT_2026_01_COMP_0184,0.5785,-0.0879,12.82,13.56,14.78,13.75,0,HEALTHY
LOT_2026_01,LOT_2026_01_COMP_0185,0.848,-0.4801,15.53,16.88,17.2,17.09,0,HEALTHY
LOT_2026_01,LOT_2026_01_COMP_0186,-0.0681,0.4444,12.5,14.0,12.99,14.0,0,HEALTHY
LOT_2026_01,LOT_2026_01_COMP_0187,-0.0795,0.8768,11.47,12.29,13.01,12.27,0,HEALTHY
LOT_2026_01,LOT_2026_01_COMP_0188,-0.334,0.3722,14.97,16.27,15.96,16.73,0,HEALTHY
LOT_2026_01,LOT_2026_01_COMP_0189,-0.6858,-0.6063,19.61,20.22,20.81,22.16,0,HEALTHY
LOT_2026_01,LOT_2026_01_COMP_0190,-0.3217,-0.5784,10.81,11.38,12.13,12.91,0,HEALTHY
LOT_2026_01,LOT_2026_01_COMP_0191,0.92,-0.3085,15.48,16.94,16.31,16.69,0,HEALTHY
LOT_2026_01,LOT_2026_01_COMP_0192,-0.2206,0.7821,13.55,14.33,14.9,15.13,0,HEALTHY
LOT_2026_01,LOT_2026_01_COMP_0193,0.157,0.0442,10.35,11.54,12.52,11.63,0,HEALTHY
LOT_2026_01,LOT_2026_01_COMP_0194,0.3535,0.1063,10.84,12.2,12.2,12.53,0,HEALTHY
LOT_2026_01,LOT_2026_01_COMP_0195,0.1404,-0.9369,13.59,14.69,14.46,14.91,0,HEALTHY
LOT_2026_01,LOT_2026_01_COMP_0196,0.3959,-0.3618,14.15,15.6,15.95,15.52,0,HEALTHY
LOT_2026_01,LOT_2026_01_COMP_0197,0.1754,-0.4212,11.25,12.14,13.08,13.17,0,HEALTHY
LOT_2026_01,LOT_2026_01_COMP_0198,0.4043,-0.7555,17.72,19.39,18.67,19.63,0,HEALTHY
LOT_2026_01,LOT_2026_01_COMP_0199,0.8244,-0.455,16.23,17.1,18.27,18.14,0,HEALTHY
LOT_2026_01,LOT_2026_01_COMP_0200,-0.3205,-0.0024,8.47,10.29,9.73,9.93,0,HEALTHY
LOT_2026_01,LOT_2026_01_COMP_0201,0.4881,-0.0341,14.14,15.64,15.22,14.81,0,HEALTHY
LOT_2026_01,LOT_2026_01_COMP_0202,-0.2448,0.401,13.84,15.23,14.57,15.22,0,HEALTHY
LOT_2026_01,LOT_2026_01_COMP_0203,-0.4315,0.6023,18.41,19.68,19.35,19.61,0,HEALTHY
LOT_2026_01,LOT_2026_01_COMP_0204,-0.5402,0.6332,14.49,15.67,15.99,15.67,0,HEALTHY
LOT_2026_01,LOT_2026_01_COMP_0205,-0.4282,-0.344,11.43,12.13,13.17,12.74,0,HEALTHY
LOT_2026_01,LOT_2026_01_COMP_0206,0.0127,-0.1519,12.97,14.15,14.19,14.31,0,HEALTHY
LOT_2026_01,LOT_2026_01_COMP_0207,-0.8337,0.472,17.36,18.42,18.48,19.51,0,HEALTHY
LOT_2026_01,LOT_2026_01_COMP_0208,-0.3111,-0.6601,12.01,13.43,13.39,13.9,0,HEALTHY
LOT_2026_01,LOT_2026_01_COMP_0209,-0.062,-0.7735,19.19,20.29,20.81,20.62,0,HEALTHY
LOT_2026_01,LOT_2026_01_COMP_0210,0.5365,0.7349,18.5,19.66,19.85,20.05,0,HEALTHY
LOT_2026_01,LOT_2026_01_COMP_0211,0.331,-0.923,13.94,15.07,15.21,15.83,0,HEALTHY
LOT_2026_01,LOT_2026_01_COMP_0212,-0.7505,-0.53,15.68,35.66,97.15,158.33,1,ELECTROMIGRATION_LINEAR
LOT_2026_01,LOT_2026_01_COMP_0213,-0.6529,0.2216,14.44,15.45,15.75,15.14,0,HEALTHY
LOT_2026_01,LOT_2026_01_COMP_0214,0.7574,0.3056,15.84,17.62,17.14,17.44,0,HEALTHY
LOT_2026_01,LOT_2026_01_COMP_0215,-0.1951,0.2755,13.19,14.45,14.08,14.75,0,HEALTHY
LOT_2026_01,LOT_2026_01_COMP_0216,-0.44,0.5753,15.95,17.33,17.14,17.29,0,HEALTHY
LOT_2026_01,LOT_2026_01_COMP_0217,-0.3518,-0.8141,17.28,18.31,18.56,18.7,0,HEALTHY
LOT_2026_01,LOT_2026_01_COMP_0218,-0.3472,0.7999,16.2,17.01,18.02,17.57,0,HEALTHY
LOT_2026_01,LOT_2026_01_COMP_0219,-0.8962,0.204,16.65,17.06,17.81,18.58,0,HEALTHY
LOT_2026_01,LOT_2026_01_COMP_0220,0.3965,0.7036,16.11,17.04,17.39,18.02,0,HEALTHY
LOT_2026_01,LOT_2026_01_COMP_0221,-0.3844,0.4737,10.85,11.56,11.58,12.23,0,HEALTHY
LOT_2026_01,LOT_2026_01_COMP_0222,0.0109,-0.1434,11.35,12.13,11.99,12.58,0,HEALTHY
LOT_2026_01,LOT_2026_01_COMP_0223,0.5584,-0.7916,15.64,16.58,17.04,17.58,0,HEALTHY
LOT_2026_01,LOT_2026_01_COMP_0224,0.4852,-0.7973,15.6,16.37,16.56,16.84,0,HEALTHY
LOT_2026_01,LOT_2026_01_COMP_0225,0.2699,-0.3742,11.46,12.99,13.14,12.82,0,HEALTHY
LOT_2026_01,LOT_2026_01_COMP_0226,-0.0227,0.1578,11.76,13.2,13.7,13.23,0,HEALTHY
LOT_2026_01,LOT_2026_01_COMP_0227,0.627,0.7192,15.47,16.73,16.92,16.24,0,HEALTHY
LOT_2026_01,LOT_2026_01_COMP_0228,0.3534,-0.3148,15.82,16.75,17.65,17.89,0,HEALTHY
LOT_2026_01,LOT_2026_01_COMP_0229,-0.8112,-0.2259,16.17,17.07,17.85,17.43,0,HEALTHY
LOT_2026_01,LOT_2026_01_COMP_0230,-0.2899,-0.2312,13.27,14.45,14.5,14.6,0,HEALTHY
LOT_2026_01,LOT_2026_01_COMP_0231,0.9163,-0.1045,14.16,15.1,15.25,15.71,0,HEALTHY
LOT_2026_01,LOT_2026_01_COMP_0232,0.6557,-0.3378,17.38,18.83,18.56,18.69,0,HEALTHY
LOT_2026_01,LOT_2026_01_COMP_0233,-0.6608,-0.7154,16.81,17.82,18.5,18.12,0,HEALTHY
LOT_2026_01,LOT_2026_01_COMP_0234,0.0548,0.168,14.75,15.22,16.05,16.1,0,HEALTHY
LOT_2026_01,LOT_2026_01_COMP_0235,-0.9067,0.1266,14.6,16.1,15.78,16.24,0,HEALTHY
LOT_2026_01,LOT_2026_01_COMP_0236,0.7329,0.3756,18.63,19.96,19.66,20.04,0,HEALTHY
LOT_2026_01,LOT_2026_01_COMP_0237,-0.1164,-0.3236,13.93,34.19,95.5,156.41,1,ELECTROMIGRATION_LINEAR
LOT_2026_01,LOT_2026_01_COMP_0238,0.5593,-0.1259,10.17,11.11,11.29,11.39,0,HEALTHY
LOT_2026_01,LOT_2026_01_COMP_0239,-0.5708,0.0264,13.43,14.78,14.75,15.33,0,HEALTHY
LOT_2026_01,LOT_2026_01_COMP_0240,-0.4315,-0.3493,16.2,17.21,17.27,17.05,0,HEALTHY
LOT_2026_01,LOT_2026_01_COMP_0241,-0.4537,-0.5194,15.69,16.73,16.3,17.58,0,HEALTHY
LOT_2026_01,LOT_2026_01_COMP_0242,0.3587,-0.6203,13.59,14.5,14.97,15.31,0,HEALTHY
LOT_2026_01,LOT_2026_01_COMP_0243,0.6897,-0.2592,13.33,14.04,14.55,14.36,0,HEALTHY
LOT_2026_01,LOT_2026_01_COMP_0244,-0.537,0.0672,12.61,14.47,13.65,13.83,0,HEALTHY
LOT_2026_01,LOT_2026_01_COMP_0245,-0.6242,0.622,14.0,15.2,15.24,15.42,0,HEALTHY
LOT_2026_01,LOT_2026_01_COMP_0246,-0.6703,-0.6706,18.03,18.83,19.15,19.51,0,HEALTHY
LOT_2026_01,LOT_2026_01_COMP_0247,-0.6117,0.5835,17.27,18.42,18.81,18.76,0,HEALTHY
LOT_2026_01,LOT_2026_01_COMP_0248,0.2019,0.7538,15.0,15.82,16.42,17.02,0,HEALTHY
LOT_2026_01,LOT_2026_01_COMP_0249,-0.1434,-0.4872,12.08,13.31,13.48,13.79,0,HEALTHY
LOT_2026_01,LOT_2026_01_COMP_0250,0.155,-0.6157,12.35,13.19,13.55,13.15,0,HEALTHY
LOT_2026_01,LOT_2026_01_COMP_0251,0.1208,-0.0555,9.34,10.41,10.8,10.46,0,HEALTHY
LOT_2026_01,LOT_2026_01_COMP_0252,0.3978,0.1507,12.7,13.71,13.91,13.9,0,HEALTHY
LOT_2026_01,LOT_2026_01_COMP_0253,-0.589,0.796,19.85,21.28,21.11,21.36,0,HEALTHY
LOT_2026_01,LOT_2026_01_COMP_0254,-0.388,0.7239,14.57,15.46,15.42,16.69,0,HEALTHY
LOT_2026_01,LOT_2026_01_COMP_0255,0.1992,-0.119,11.81,12.67,12.94,13.81,0,HEALTHY
LOT_2026_01,LOT_2026_01_COMP_0256,0.5287,-0.6367,16.72,17.25,17.84,18.66,0,HEALTHY
LOT_2026_01,LOT_2026_01_COMP_0257,0.1303,-0.8468,15.15,16.47,16.1,16.85,0,HEALTHY
LOT_2026_01,LOT_2026_01_COMP_0258,0.1649,0.4662,14.79,16.47,16.06,15.63,0,HEALTHY
LOT_2026_01,LOT_2026_01_COMP_0259,0.2833,0.8454,14.44,15.25,15.78,16.01,0,HEALTHY
LOT_2026_01,LOT_2026_01_COMP_0260,0.2499,-0.0973,17.06,18.52,18.2,19.43,0,HEALTHY
LOT_2026_01,LOT_2026_01_COMP_0261,0.439,0.5525,14.65,15.72,16.08,16.35,0,HEALTHY
LOT_2026_01,LOT_2026_01_COMP_0262,-0.2396,0.3602,11.49,12.31,13.26,13.35,0,HEALTHY
LOT_2026_01,LOT_2026_01_COMP_0263,0.8211,0.4307,12.15,13.47,13.88,13.57,0,HEALTHY
LOT_2026_01,LOT_2026_01_COMP_0264,-0.2128,0.322,14.94,15.68,16.48,16.75,0,HEALTHY
LOT_2026_01,LOT_2026_01_COMP_0265,0.6608,0.0058,14.78,29.62,217.08,1632.16,1,THERMAL_RUNAWAY_EXP
LOT_2026_01,LOT_2026_01_COMP_0266,0.1241,0.7142,14.14,15.53,15.36,15.55,0,HEALTHY
LOT_2026_01,LOT_2026_01_COMP_0267,-0.2105,-0.5829,14.35,15.0,16.11,16.47,0,HEALTHY
LOT_2026_01,LOT_2026_01_COMP_0268,-0.4394,0.439,15.52,16.3,17.05,16.74,0,HEALTHY
LOT_2026_01,LOT_2026_01_COMP_0269,0.2112,-0.0133,10.33,11.73,12.0,11.47,0,HEALTHY
LOT_2026_01,LOT_2026_01_COMP_0270,-0.2199,-0.1899,13.14,14.76,14.55,13.54,0,HEALTHY
LOT_2026_01,LOT_2026_01_COMP_0271,-0.4085,0.8472,17.64,19.16,19.22,19.02,0,HEALTHY
LOT_2026_01,LOT_2026_01_COMP_0272,-0.6963,-0.7138,17.64,18.45,18.67,18.88,0,HEALTHY
LOT_2026_01,LOT_2026_01_COMP_0273,-0.6669,-0.6559,14.88,15.94,15.81,16.56,0,HEALTHY
LOT_2026_01,LOT_2026_01_COMP_0274,-0.8049,-0.5367,16.11,17.57,17.87,17.39,0,HEALTHY
LOT_2026_01,LOT_2026_01_COMP_0275,0.82,-0.4356,16.4,17.08,17.7,17.65,0,HEALTHY
LOT_2026_01,LOT_2026_01_COMP_0276,-0.4191,-0.1964,12.11,12.75,13.35,12.81,0,HEALTHY
LOT_2026_01,LOT_2026_01_COMP_0277,0.6556,-0.2659,14.32,15.4,15.73,16.21,0,HEALTHY
LOT_2026_01,LOT_2026_01_COMP_0278,-0.405,0.7557,12.65,13.11,14.7,14.18,0,HEALTHY
LOT_2026_01,LOT_2026_01_COMP_0279,-0.4019,-0.73,12.4,13.22,13.6,13.83,0,HEALTHY
LOT_2026_01,LOT_2026_01_COMP_0280,0.8185,0.1181,14.65,15.15,16.49,16.63,0,HEALTHY
LOT_2026_01,LOT_2026_01_COMP_0281,0.3133,0.3885,12.05,32.48,93.69,154.85,1,ELECTROMIGRATION_LINEAR
LOT_2026_01,LOT_2026_01_COMP_0282,0.4988,-0.5907,16.01,17.27,17.04,17.64,0,HEALTHY
LOT_2026_01,LOT_2026_01_COMP_0283,0.649,-0.2207,14.0,15.06,15.42,15.47,0,HEALTHY
LOT_2026_01,LOT_2026_01_COMP_0284,-0.0965,-0.5595,11.98,13.07,13.5,13.3,0,HEALTHY
LOT_2026_01,LOT_2026_01_COMP_0285,-0.3887,0.8812,14.48,14.97,15.54,15.54,0,HEALTHY
LOT_2026_01,LOT_2026_01_COMP_0286,0.2664,-0.5911,10.97,12.13,12.53,12.99,0,HEALTHY
LOT_2026_01,LOT_2026_01_COMP_0287,-0.4194,0.4918,13.83,26.47,203.0,1526.41,1,THERMAL_RUNAWAY_EXP
LOT_2026_01,LOT_2026_01_COMP_0288,-0.0181,-0.5927,12.16,13.22,13.53,14.34,0,HEALTHY
LOT_2026_01,LOT_2026_01_COMP_0289,-0.9019,0.1736,13.24,31.16,45.66,55.0,1,NBTI_POWER_LAW
LOT_2026_01,LOT_2026_01_COMP_0290,-0.7439,0.5272,13.51,14.21,15.26,14.77,0,HEALTHY
LOT_2026_01,LOT_2026_01_COMP_0291,0.4638,-0.0006,11.22,12.6,12.6,12.67,0,HEALTHY
LOT_2026_01,LOT_2026_01_COMP_0292,-0.8161,0.079,14.99,15.43,16.78,16.52,0,HEALTHY
LOT_2026_01,LOT_2026_01_COMP_0293,0.8305,-0.3129,16.04,17.73,17.3,17.53,0,HEALTHY
LOT_2026_01,LOT_2026_01_COMP_0294,-0.7821,-0.3311,11.41,22.94,168.06,1259.84,1,THERMAL_RUNAWAY_EXP
LOT_2026_01,LOT_2026_01_COMP_0295,-0.0429,-0.2938,12.02,13.35,13.53,12.84,0,HEALTHY
LOT_2026_01,LOT_2026_01_COMP_0296,-0.1671,-0.8912,13.26,14.62,14.45,15.22,0,HEALTHY
LOT_2026_01,LOT_2026_01_COMP_0297,0.932,-0.0074,14.0,31.43,46.33,55.59,1,NBTI_POWER_LAW
LOT_2026_01,LOT_2026_01_COMP_0298,-0.4553,-0.6575,16.23,17.25,17.86,17.67,0,HEALTHY
LOT_2026_01,LOT_2026_01_COMP_0299,-0.3615,0.4155,12.94,14.17,14.29,14.58,0,HEALTHY
LOT_2026_01,LOT_2026_01_COMP_0300,0.1707,0.9497,18.14,19.03,19.55,19.81,0,HEALTHY
LOT_2026_01,LOT_2026_01_COMP_0301,0.2272,-0.5635,14.87,15.3,16.23,15.98,0,HEALTHY
LOT_2026_01,LOT_2026_01_COMP_0302,0.1374,0.2566,11.36,12.37,13.11,13.08,0,HEALTHY
LOT_2026_01,LOT_2026_01_COMP_0303,-0.0465,-0.13,11.34,12.89,12.67,13.38,0,HEALTHY
LOT_2026_01,LOT_2026_01_COMP_0304,0.4689,0.6501,13.81,14.83,15.6,15.64,0,HEALTHY
LOT_2026_01,LOT_2026_01_COMP_0305,0.7766,0.2444,16.07,16.99,17.79,16.83,0,HEALTHY
LOT_2026_01,LOT_2026_01_COMP_0306,0.107,0.006,9.56,10.5,10.9,10.65,0,HEALTHY
LOT_2026_01,LOT_2026_01_COMP_0307,-0.1093,0.2186,14.1,15.17,15.27,15.51,0,HEALTHY
LOT_2026_01,LOT_2026_01_COMP_0308,-0.2707,-0.7439,15.41,16.69,15.81,17.09,0,HEALTHY
LOT_2026_01,LOT_2026_01_COMP_0309,0.5401,-0.11,14.21,15.02,15.38,15.39,0,HEALTHY
LOT_2026_01,LOT_2026_01_COMP_0310,-0.449,0.8775,19.68,20.82,20.86,21.08,0,HEALTHY
LOT_2026_01,LOT_2026_01_COMP_0311,0.1242,0.3314,12.47,14.09,13.96,14.43,0,HEALTHY
LOT_2026_01,LOT_2026_01_COMP_0312,0.7563,-0.3415,12.41,13.74,13.7,14.67,0,HEALTHY
LOT_2026_01,LOT_2026_01_COMP_0313,-0.5559,-0.1381,18.05,18.78,19.13,19.76,0,HEALTHY
LOT_2026_01,LOT_2026_01_COMP_0314,0.8244,0.0475,13.82,14.87,15.11,15.0,0,HEALTHY
LOT_2026_01,LOT_2026_01_COMP_0315,-0.5411,0.3669,11.54,12.48,11.97,12.99,0,HEALTHY
LOT_2026_01,LOT_2026_01_COMP_0316,0.7061,-0.0206,16.65,17.52,18.56,18.22,0,HEALTHY
LOT_2026_01,LOT_2026_01_COMP_0317,0.2037,-0.3566,14.27,15.56,15.68,16.11,0,HEALTHY
LOT_2026_01,LOT_2026_01_COMP_0318,-0.5693,-0.0932,12.99,14.11,14.17,14.24,0,HEALTHY
LOT_2026_01,LOT_2026_01_COMP_0319,-0.2718,0.6484,13.8,14.64,14.88,15.47,0,HEALTHY
LOT_2026_01,LOT_2026_01_COMP_0320,0.2711,0.5527,16.89,17.8,18.2,18.51,0,HEALTHY
LOT_2026_01,LOT_2026_01_COMP_0321,-0.1454,-0.3531,14.75,15.83,16.24,16.22,0,HEALTHY
LOT_2026_01,LOT_2026_01_COMP_0322,-0.8346,-0.1514,15.12,15.8,15.64,16.64,0,HEALTHY
LOT_2026_01,LOT_2026_01_COMP_0323,-0.0918,-0.2624,13.9,14.9,15.58,15.47,0,HEALTHY
LOT_2026_01,LOT_2026_01_COMP_0324,-0.6527,0.4199,12.63,13.49,14.23,14.01,0,HEALTHY
LOT_2026_01,LOT_2026_01_COMP_0325,-0.8728,0.092,17.33,18.04,18.33,18.79,0,HEALTHY
LOT_2026_01,LOT_2026_01_COMP_0326,-0.4417,-0.2675,13.13,14.53,15.16,13.88,0,HEALTHY
LOT_2026_01,LOT_2026_01_COMP_0327,0.8131,-0.128,15.94,17.22,17.26,17.59,0,HEALTHY
LOT_2026_01,LOT_2026_01_COMP_0328,-0.1767,-0.9218,16.93,18.17,19.32,18.81,0,HEALTHY
LOT_2026_01,LOT_2026_01_COMP_0329,0.3522,0.1822,12.7,14.12,14.43,14.2,0,HEALTHY
LOT_2026_01,LOT_2026_01_COMP_0330,-0.1088,-0.3498,14.41,15.68,15.64,16.84,0,HEALTHY
LOT_2026_01,LOT_2026_01_COMP_0331,-0.2544,0.6216,13.6,15.04,15.94,14.75,0,HEALTHY
LOT_2026_01,LOT_2026_01_COMP_0332,-0.5499,-0.3303,11.11,12.13,13.26,12.84,0,HEALTHY
LOT_2026_01,LOT_2026_01_COMP_0333,0.2276,0.3608,12.45,13.83,14.01,14.39,0,HEALTHY
LOT_2026_01,LOT_2026_01_COMP_0334,0.2519,0.7603,13.59,14.8,15.05,15.16,0,HEALTHY
LOT_2026_01,LOT_2026_01_COMP_0335,-0.2412,0.0049,12.26,12.94,14.52,14.3,0,HEALTHY
LOT_2026_01,LOT_2026_01_COMP_0336,0.5094,-0.0382,13.49,14.75,14.69,15.34,0,HEALTHY
LOT_2026_01,LOT_2026_01_COMP_0337,0.2717,0.3217,7.65,8.33,9.18,9.24,0,HEALTHY
LOT_2026_01,LOT_2026_01_COMP_0338,0.2543,-0.6764,14.19,15.06,15.57,15.85,0,HEALTHY
LOT_2026_01,LOT_2026_01_COMP_0339,0.1279,0.4448,9.92,11.38,11.19,11.22,0,HEALTHY
LOT_2026_01,LOT_2026_01_COMP_0340,-0.7785,-0.1479,15.03,16.2,16.37,17.15,0,HEALTHY
LOT_2026_01,LOT_2026_01_COMP_0341,0.2621,-0.4793,15.49,16.56,16.84,17.49,0,HEALTHY
LOT_2026_01,LOT_2026_01_COMP_0342,0.1996,-0.4001,17.2,18.14,19.02,18.42,0,HEALTHY
LOT_2026_01,LOT_2026_01_COMP_0343,0.7106,0.6207,14.85,15.98,16.18,16.47,0,HEALTHY
LOT_2026_01,LOT_2026_01_COMP_0344,-0.426,0.4276,11.41,13.06,12.45,12.32,0,HEALTHY
LOT_2026_01,LOT_2026_01_COMP_0345,-0.3443,-0.0165,13.82,15.03,15.34,14.95,0,HEALTHY
LOT_2026_01,LOT_2026_01_COMP_0346,-0.4462,0.383,15.33,16.44,16.62,16.88,0,HEALTHY
LOT_2026_01,LOT_2026_01_COMP_0347,-0.5024,-0.5548,12.75,14.29,14.04,13.68,0,HEALTHY
LOT_2026_01,LOT_2026_01_COMP_0348,-0.0802,0.3875,13.19,14.41,14.6,15.33,0,HEALTHY
LOT_2026_01,LOT_2026_01_COMP_0349,0.4126,0.5384,11.91,13.34,12.62,13.91,0,HEALTHY
LOT_2026_01,LOT_2026_01_COMP_0350,0.5725,-0.329,17.1,18.2,18.7,18.54,0,HEALTHY
LOT_2026_01,LOT_2026_01_COMP_0351,-0.6981,-0.4008,14.83,15.87,16.46,16.0,0,HEALTHY
LOT_2026_01,LOT_2026_01_COMP_0352,-0.0914,0.2191,14.27,15.39,15.84,15.89,0,HEALTHY
LOT_2026_01,LOT_2026_01_COMP_0353,-0.8808,-0.1371,15.4,16.66,16.64,15.99,0,HEALTHY
LOT_2026_01,LOT_2026_01_COMP_0354,0.8462,-0.3943,16.24,17.79,17.1,17.29,0,HEALTHY
LOT_2026_01,LOT_2026_01_COMP_0355,0.5783,0.7134,17.19,37.44,98.49,160.21,1,ELECTROMIGRATION_LINEAR
LOT_2026_01,LOT_2026_01_COMP_0356,0.197,-0.5607,16.94,17.66,18.13,19.32,0,HEALTHY
LOT_2026_01,LOT_2026_01_COMP_0357,0.2982,-0.0498,11.66,12.44,12.85,12.95,0,HEALTHY
LOT_2026_01,LOT_2026_01_COMP_0358,0.5419,0.2152,15.51,17.19,16.4,16.85,0,HEALTHY
LOT_2026_01,LOT_2026_01_COMP_0359,-0.3133,-0.6551,14.37,14.65,15.91,16.28,0,HEALTHY
LOT_2026_01,LOT_2026_01_COMP_0360,-0.2222,-0.288,11.8,12.31,13.11,13.49,0,HEALTHY
LOT_2026_01,LOT_2026_01_COMP_0361,0.4763,0.5484,16.52,17.61,17.96,17.61,0,HEALTHY
LOT_2026_01,LOT_2026_01_COMP_0362,0.3411,-0.7797,15.23,16.59,16.85,16.88,0,HEALTHY
LOT_2026_01,LOT_2026_01_COMP_0363,-0.1642,-0.5081,13.36,14.31,14.02,15.21,0,HEALTHY
LOT_2026_01,LOT_2026_01_COMP_0364,0.7033,0.3822,13.56,15.22,14.6,15.04,0,HEALTHY
LOT_2026_01,LOT_2026_01_COMP_0365,0.6904,0.7036,16.93,33.34,249.1,1868.73,1,THERMAL_RUNAWAY_EXP
LOT_2026_01,LOT_2026_01_COMP_0366,-0.0978,0.0261,12.18,13.41,13.58,13.56,0,HEALTHY
LOT_2026_01,LOT_2026_01_COMP_0367,-0.2493,-0.5666,12.91,13.39,14.39,14.64,0,HEALTHY
LOT_2026_01,LOT_2026_01_COMP_0368,0.2128,0.9497,16.24,16.73,17.26,17.83,0,HEALTHY
LOT_2026_01,LOT_2026_01_COMP_0369,-0.3417,0.7131,15.77,17.17,17.43,16.81,0,HEALTHY
LOT_2026_01,LOT_2026_01_COMP_0370,0.7465,0.3663,16.86,17.61,18.22,17.8,0,HEALTHY
LOT_2026_01,LOT_2026_01_COMP_0371,-0.1345,-0.4999,15.0,16.0,16.48,16.92,0,HEALTHY
LOT_2026_01,LOT_2026_01_COMP_0372,0.6001,0.1901,13.12,14.11,14.37,15.25,0,HEALTHY
LOT_2026_01,LOT_2026_01_COMP_0373,0.554,-0.751,15.7,16.7,17.15,17.27,0,HEALTHY
LOT_2026_01,LOT_2026_01_COMP_0374,0.3882,0.0205,12.11,12.92,13.26,13.72,0,HEALTHY
LOT_2026_01,LOT_2026_01_COMP_0375,0.8079,-0.2432,16.13,17.05,17.81,17.7,0,HEALTHY
LOT_2026_01,LOT_2026_01_COMP_0376,0.1445,0.0782,13.7,15.43,15.28,14.68,0,HEALTHY
LOT_2026_01,LOT_2026_01_COMP_0377,-0.136,-0.8668,14.81,16.16,16.18,16.17,0,HEALTHY
LOT_2026_01,LOT_2026_01_COMP_0378,0.5965,-0.0391,17.41,18.47,18.94,18.72,0,HEALTHY
LOT_2026_01,LOT_2026_01_COMP_0379,0.4377,-0.7875,14.68,16.03,16.29,15.93,0,HEALTHY
LOT_2026_01,LOT_2026_01_COMP_0380,0.4779,-0.4575,14.08,14.92,15.27,15.42,0,HEALTHY
LOT_2026_01,LOT_2026_01_COMP_0381,0.8516,0.2441,14.25,15.0,15.97,15.3,0,HEALTHY
LOT_2026_01,LOT_2026_01_COMP_0382,0.5055,-0.5699,13.84,14.68,14.64,15.88,0,HEALTHY
LOT_2026_01,LOT_2026_01_COMP_0383,-0.3306,-0.8026,15.95,17.52,17.24,17.32,0,HEALTHY
LOT_2026_01,LOT_2026_01_COMP_0384,0.2291,0.0074,10.53,11.88,11.56,12.27,0,HEALTHY
LOT_2026_01,LOT_2026_01_COMP_0385,0.0549,-0.3076,15.11,16.33,15.95,16.81,0,HEALTHY
LOT_2026_01,LOT_2026_01_COMP_0386,-0.7972,-0.4369,13.76,14.75,14.65,15.09,0,HEALTHY
LOT_2026_01,LOT_2026_01_COMP_0387,0.4437,-0.825,14.78,16.19,16.09,16.19,0,HEALTHY
LOT_2026_01,LOT_2026_01_COMP_0388,0.5579,-0.0486,16.95,17.72,18.18,18.59,0,HEALTHY
LOT_2026_01,LOT_2026_01_COMP_0389,-0.3459,0.217,14.95,16.22,16.04,16.26,0,HEALTHY
LOT_2026_01,LOT_2026_01_COMP_0390,-0.7373,-0.2992,15.28,16.42,16.43,17.29,0,HEALTHY
LOT_2026_01,LOT_2026_01_COMP_0391,-0.3603,0.861,17.61,34.62,258.4,1944.51,1,THERMAL_RUNAWAY_EXP
LOT_2026_01,LOT_2026_01_COMP_0392,0.7886,0.119,12.39,13.5,14.16,13.86,0,HEALTHY
LOT_2026_01,LOT_2026_01_COMP_0393,-0.4609,-0.3208,15.28,31.64,48.55,56.82,1,NBTI_POWER_LAW
LOT_2026_01,LOT_2026_01_COMP_0394,-0.4631,0.1587,11.36,13.04,12.97,12.84,0,HEALTHY
LOT_2026_01,LOT_2026_01_COMP_0395,-0.2985,0.0671,14.67,16.05,15.95,16.44,0,HEALTHY
LOT_2026_01,LOT_2026_01_COMP_0396,0.4829,-0.3489,12.12,13.38,13.96,13.1,0,HEALTHY
LOT_2026_01,LOT_2026_01_COMP_0397,-0.0061,0.8198,14.02,15.38,15.58,15.96,0,HEALTHY
LOT_2026_01,LOT_2026_01_COMP_0398,-0.7079,-0.6506,17.26,18.61,18.81,18.71,0,HEALTHY
LOT_2026_01,LOT_2026_01_COMP_0399,0.7211,-0.0417,15.17,16.13,15.98,17.34,0,HEALTHY
LOT_2026_01,LOT_2026_01_COMP_0400,0.1078,-0.2137,12.34,12.78,13.89,13.6,0,HEALTHY
LOT_2026_01,LOT_2026_01_COMP_0401,0.4142,-0.1588,13.69,14.67,14.22,15.44,0,HEALTHY
LOT_2026_01,LOT_2026_01_COMP_0402,0.822,0.0597,16.92,18.15,18.89,18.08,0,HEALTHY
LOT_2026_01,LOT_2026_01_COMP_0403,-0.0739,0.3298,11.47,12.91,13.04,13.04,0,HEALTHY
LOT_2026_01,LOT_2026_01_COMP_0404,-0.6199,0.2507,11.94,13.08,13.47,13.48,0,HEALTHY
LOT_2026_01,LOT_2026_01_COMP_0405,0.0107,0.4292,13.35,14.29,15.44,14.73,0,HEALTHY
LOT_2026_01,LOT_2026_01_COMP_0406,0.6786,0.6451,15.84,17.02,17.0,17.19,0,HEALTHY
LOT_2026_01,LOT_2026_01_COMP_0407,-0.4454,0.1138,15.12,16.05,16.28,16.64,0,HEALTHY
LOT_2026_01,LOT_2026_01_COMP_0408,-0.3004,-0.1533,13.34,14.35,14.36,15.4,0,HEALTHY
LOT_2026_01,LOT_2026_01_COMP_0409,-0.6661,-0.1638,12.96,13.72,14.22,14.45,0,HEALTHY
LOT_2026_01,LOT_2026_01_COMP_0410,-0.8642,0.4766,17.18,18.18,18.69,18.38,0,HEALTHY
LOT_2026_01,LOT_2026_01_COMP_0411,0.1763,0.3301,16.19,17.47,17.01,18.28,0,HEALTHY
LOT_2026_01,LOT_2026_01_COMP_0412,0.086,0.2545,15.75,17.65,17.07,17.32,0,HEALTHY
LOT_2026_01,LOT_2026_01_COMP_0413,-0.5287,-0.5627,13.34,14.29,13.74,14.42,0,HEALTHY
LOT_2026_01,LOT_2026_01_COMP_0414,-0.8372,0.4825,15.07,16.73,16.58,16.67,0,HEALTHY
LOT_2026_01,LOT_2026_01_COMP_0415,-0.6835,0.2001,14.44,15.54,15.32,16.37,0,HEALTHY
LOT_2026_01,LOT_2026_01_COMP_0416,0.3494,0.3873,13.83,15.59,15.69,15.47,0,HEALTHY
LOT_2026_01,LOT_2026_01_COMP_0417,-0.8709,-0.309,13.33,30.7,46.19,55.57,1,NBTI_POWER_LAW
LOT_2026_01,LOT_2026_01_COMP_0418,-0.2365,-0.9441,13.72,14.4,15.37,15.53,0,HEALTHY
LOT_2026_01,LOT_2026_01_COMP_0419,-0.598,-0.4523,14.6,15.76,15.51,16.13,0,HEALTHY
LOT_2026_01,LOT_2026_01_COMP_0420,-0.6641,-0.2968,16.28,17.6,18.02,18.0,0,HEALTHY
LOT_2026_01,LOT_2026_01_COMP_0421,0.287,-0.7503,17.13,18.69,18.54,18.42,0,HEALTHY
LOT_2026_01,LOT_2026_01_COMP_0422,-0.6089,0.1161,14.87,15.82,16.27,17.0,0,HEALTHY
LOT_2026_01,LOT_2026_01_COMP_0423,-0.6578,0.0622,13.09,14.26,14.11,14.36,0,HEALTHY
LOT_2026_01,LOT_2026_01_COMP_0424,-0.724,-0.1672,15.2,16.7,16.7,16.58,0,HEALTHY
LOT_2026_01,LOT_2026_01_COMP_0425,-0.4804,0.5611,13.53,15.0,14.84,15.02,0,HEALTHY
LOT_2026_01,LOT_2026_01_COMP_0426,-0.7519,0.5791,15.66,16.31,17.02,16.5,0,HEALTHY
LOT_2026_01,LOT_2026_01_COMP_0427,0.6635,0.4782,15.08,16.62,16.42,16.35,0,HEALTHY
LOT_2026_01,LOT_2026_01_COMP_0428,0.7119,-0.2537,14.36,15.38,15.42,15.87,0,HEALTHY
LOT_2026_01,LOT_2026_01_COMP_0429,-0.7671,-0.3589,16.88,18.22,18.5,18.26,0,HEALTHY
LOT_2026_01,LOT_2026_01_COMP_0430,0.6282,0.3079,17.36,18.48,18.71,19.03,0,HEALTHY
LOT_2026_01,LOT_2026_01_COMP_0431,-0.7526,0.113,12.66,14.08,14.37,14.0,0,HEALTHY
LOT_2026_01,LOT_2026_01_COMP_0432,0.6372,0.2972,14.12,15.1,15.77,15.81,0,HEALTHY
LOT_2026_01,LOT_2026_01_COMP_0433,0.1376,-0.9191,16.91,36.89,98.56,159.78,1,ELECTROMIGRATION_LINEAR
LOT_2026_01,LOT_2026_01_COMP_0434,-0.1688,0.4097,13.83,14.55,14.65,14.87,0,HEALTHY
LOT_2026_01,LOT_2026_01_COMP_0435,-0.8537,0.2829,19.0,35.99,51.8,60.96,1,NBTI_POWER_LAW
LOT_2026_01,LOT_2026_01_COMP_0436,-0.8458,-0.2131,14.04,14.83,15.46,16.0,0,HEALTHY
LOT_2026_01,LOT_2026_01_COMP_0437,-0.1449,0.4008,14.15,15.96,15.27,15.61,0,HEALTHY
LOT_2026_01,LOT_2026_01_COMP_0438,-0.1119,-0.7852,14.71,15.36,16.49,16.28,0,HEALTHY
LOT_2026_01,LOT_2026_01_COMP_0439,0.3061,-0.6928,17.9,19.14,18.62,19.56,0,HEALTHY
LOT_2026_01,LOT_2026_01_COMP_0440,0.184,0.9431,15.35,16.7,16.25,16.34,0,HEALTHY
LOT_2026_01,LOT_2026_01_COMP_0441,0.3093,-0.0946,14.35,15.48,15.91,15.42,0,HEALTHY
LOT_2026_01,LOT_2026_01_COMP_0442,0.7527,-0.1303,16.18,17.48,18.37,17.71,0,HEALTHY
LOT_2026_01,LOT_2026_01_COMP_0443,0.5959,0.0514,9.65,10.67,10.63,11.3,0,HEALTHY
LOT_2026_01,LOT_2026_01_COMP_0444,-0.124,0.7964,15.8,16.91,16.82,17.52,0,HEALTHY
LOT_2026_01,LOT_2026_01_COMP_0445,-0.2375,-0.3764,11.96,13.14,13.08,13.69,0,HEALTHY
LOT_2026_01,LOT_2026_01_COMP_0446,-0.7242,-0.0322,13.17,14.48,14.55,14.25,0,HEALTHY
LOT_2026_01,LOT_2026_01_COMP_0447,-0.0516,0.9152,13.71,14.09,15.12,15.25,0,HEALTHY
LOT_2026_01,LOT_2026_01_COMP_0448,0.6008,-0.2683,13.05,14.04,14.45,14.36,0,HEALTHY
LOT_2026_01,LOT_2026_01_COMP_0449,-0.5925,-0.078,11.98,12.58,12.98,13.37,0,HEALTHY
LOT_2026_01,LOT_2026_01_COMP_0450,-0.0949,-0.3928,12.12,13.32,13.51,13.52,0,HEALTHY
LOT_2026_01,LOT_2026_01_COMP_0451,0.3647,0.3183,15.19,16.42,16.74,16.18,0,HEALTHY
LOT_2026_01,LOT_2026_01_COMP_0452,0.0167,0.8727,12.66,13.57,14.29,14.41,0,HEALTHY
LOT_2026_01,LOT_2026_01_COMP_0453,0.2728,0.0294,13.88,14.8,15.44,15.59,0,HEALTHY
LOT_2026_01,LOT_2026_01_COMP_0454,-0.0896,-0.1293,8.05,8.3,10.02,9.41,0,HEALTHY
LOT_2026_01,LOT_2026_01_COMP_0455,0.1869,0.2048,15.41,16.2,16.77,16.98,0,HEALTHY
LOT_2026_01,LOT_2026_01_COMP_0456,-0.3398,-0.436,13.57,14.93,14.82,15.78,0,HEALTHY
LOT_2026_01,LOT_2026_01_COMP_0457,0.4556,0.2911,12.03,13.49,13.79,13.43,0,HEALTHY
LOT_2026_01,LOT_2026_01_COMP_0458,-0.7778,0.1864,16.07,17.68,17.54,18.06,0,HEALTHY
LOT_2026_01,LOT_2026_01_COMP_0459,-0.0846,0.7872,16.12,17.06,17.59,17.16,0,HEALTHY
LOT_2026_01,LOT_2026_01_COMP_0460,-0.1255,0.7099,15.34,15.95,16.63,16.49,0,HEALTHY
LOT_2026_01,LOT_2026_01_COMP_0461,-0.5692,0.024,12.54,13.56,13.27,14.2,0,HEALTHY
LOT_2026_01,LOT_2026_01_COMP_0462,-0.2425,-0.6292,12.57,13.52,14.01,13.94,0,HEALTHY
LOT_2026_01,LOT_2026_01_COMP_0463,0.8524,0.3412,18.77,20.28,20.12,20.59,0,HEALTHY
LOT_2026_01,LOT_2026_01_COMP_0464,-0.7842,0.4127,13.26,13.94,14.54,14.66,0,HEALTHY
LOT_2026_01,LOT_2026_01_COMP_0465,0.3196,-0.5249,16.47,18.12,17.63,17.9,0,HEALTHY
LOT_2026_01,LOT_2026_01_COMP_0466,-0.3319,0.7753,17.08,18.07,18.44,18.55,0,HEALTHY
LOT_2026_01,LOT_2026_01_COMP_0467,0.7819,0.6219,15.74,16.93,17.64,16.56,0,HEALTHY
LOT_2026_01,LOT_2026_01_COMP_0468,-0.8621,0.1243,15.04,16.35,16.82,16.16,0,HEALTHY
LOT_2026_01,LOT_2026_01_COMP_0469,0.4896,-0.1611,15.56,16.73,16.93,17.15,0,HEALTHY
LOT_2026_01,LOT_2026_01_COMP_0470,0.0942,0.7796,13.27,14.05,14.35,15.13,0,HEALTHY
LOT_2026_01,LOT_2026_01_COMP_0471,-0.0116,-0.7121,14.21,15.63,15.21,15.94,0,HEALTHY
LOT_2026_01,LOT_2026_01_COMP_0472,0.1711,0.9573,17.92,18.07,19.28,19.44,0,HEALTHY
LOT_2026_01,LOT_2026_01_COMP_0473,0.9275,-0.0961,13.95,15.3,15.79,15.7,0,HEALTHY
LOT_2026_01,LOT_2026_01_COMP_0474,-0.6336,-0.123,15.02,16.73,16.58,16.19,0,HEALTHY
LOT_2026_01,LOT_2026_01_COMP_0475,0.9227,0.2273,15.23,16.39,16.24,16.09,0,HEALTHY
LOT_2026_01,LOT_2026_01_COMP_0476,0.76,-0.4328,13.39,13.59,15.28,14.82,0,HEALTHY
LOT_2026_01,LOT_2026_01_COMP_0477,-0.8156,0.1341,13.77,14.87,15.16,15.09,0,HEALTHY
LOT_2026_01,LOT_2026_01_COMP_0478,-0.7524,0.2844,15.74,16.79,17.52,17.53,0,HEALTHY
LOT_2026_01,LOT_2026_01_COMP_0479,-0.7209,-0.5771,13.52,14.64,14.71,15.2,0,HEALTHY
LOT_2026_01,LOT_2026_01_COMP_0480,0.3762,0.544,16.93,18.31,18.37,18.06,0,HEALTHY
LOT_2026_01,LOT_2026_01_COMP_0481,0.4809,0.3097,12.52,13.42,13.85,13.85,0,HEALTHY
LOT_2026_01,LOT_2026_01_COMP_0482,-0.8172,0.1968,14.18,15.77,16.32,15.52,0,HEALTHY
LOT_2026_01,LOT_2026_01_COMP_0483,0.1519,-0.8548,15.97,16.77,17.16,17.29,0,HEALTHY
LOT_2026_01,LOT_2026_01_COMP_0484,0.874,-0.4004,16.58,17.42,18.04,17.84,0,HEALTHY
LOT_2026_01,LOT_2026_01_COMP_0485,0.8438,0.3566,17.38,34.29,256.01,1918.41,1,THERMAL_RUNAWAY_EXP
LOT_2026_01,LOT_2026_01_COMP_0486,-0.0771,-0.2119,9.25,10.8,11.25,11.4,0,HEALTHY
LOT_2026_01,LOT_2026_01_COMP_0487,0.5592,0.8218,15.16,16.62,16.89,17.29,0,HEALTHY
LOT_2026_01,LOT_2026_01_COMP_0488,-0.4398,-0.114,10.94,12.38,11.76,12.25,0,HEALTHY
LOT_2026_01,LOT_2026_01_COMP_0489,-0.4116,-0.1087,12.83,13.72,14.24,14.35,0,HEALTHY
LOT_2026_01,LOT_2026_01_COMP_0490,-0.1141,-0.1065,11.37,12.85,12.7,12.38,0,HEALTHY
LOT_2026_01,LOT_2026_01_COMP_0491,0.2223,-0.1445,13.74,14.47,15.62,15.85,0,HEALTHY
LOT_2026_01,LOT_2026_01_COMP_0492,-0.5389,-0.5944,12.59,13.8,13.86,14.56,0,HEALTHY
LOT_2026_01,LOT_2026_01_COMP_0493,0.247,0.0587,10.8,12.19,12.47,11.57,0,HEALTHY
LOT_2026_01,LOT_2026_01_COMP_0494,0.5421,-0.2951,13.03,13.92,14.4,14.18,0,HEALTHY
LOT_2026_01,LOT_2026_01_COMP_0495,-0.0013,-0.6044,12.46,13.25,14.5,13.66,0,HEALTHY
LOT_2026_01,LOT_2026_01_COMP_0496,0.0476,0.1187,10.96,21.15,161.21,1210.67,1,THERMAL_RUNAWAY_EXP
LOT_2026_01,LOT_2026_01_COMP_0497,-0.3819,-0.0461,10.58,11.57,11.74,11.99,0,HEALTHY
LOT_2026_01,LOT_2026_01_COMP_0498,-0.7536,-0.4451,16.22,16.8,17.08,17.42,0,HEALTHY
LOT_2026_01,LOT_2026_01_COMP_0499,-0.2621,-0.929,18.49,19.79,19.63,20.03,0,HEALTHY
LOT_2026_01,LOT_2026_01_COMP_0500,-0.2015,0.3085,11.95,13.89,13.2,12.96,0,HEALTHY
LOT_2026_01,LOT_2026_01_COMP_0501,-0.8216,-0.0425,14.06,15.17,15.22,15.22,0,HEALTHY
LOT_2026_01,LOT_2026_01_COMP_0502,0.3433,-0.7997,16.72,16.7,18.69,18.56,0,HEALTHY
LOT_2026_01,LOT_2026_01_COMP_0503,-0.7375,0.1295,16.22,17.09,17.58,17.5,0,HEALTHY
LOT_2026_01,LOT_2026_01_COMP_0504,0.1263,-0.231,11.86,13.23,13.06,14.01,0,HEALTHY
LOT_2026_01,LOT_2026_01_COMP_0505,0.7876,0.0577,15.12,16.27,16.54,16.52,0,HEALTHY
LOT_2026_01,LOT_2026_01_COMP_0506,-0.0111,-0.388,12.12,13.07,13.54,13.37,0,HEALTHY
LOT_2026_01,LOT_2026_01_COMP_0507,0.178,0.3414,13.13,14.58,14.66,15.25,0,HEALTHY
LOT_2026_01,LOT_2026_01_COMP_0508,0.9059,0.1358,13.92,15.16,15.84,15.66,0,HEALTHY
LOT_2026_01,LOT_2026_01_COMP_0509,-0.149,-0.3321,14.6,15.73,15.86,15.78,0,HEALTHY
LOT_2026_01,LOT_2026_01_COMP_0510,0.0795,0.0785,7.9,8.65,9.44,9.26,0,HEALTHY
LOT_2026_01,LOT_2026_01_COMP_0511,0.9319,-0.1362,13.28,14.29,14.59,14.61,0,HEALTHY
LOT_2026_01,LOT_2026_01_COMP_0512,-0.3527,-0.5679,13.64,14.69,14.73,15.43,0,HEALTHY
LOT_2026_01,LOT_2026_01_COMP_0513,-0.1224,0.9461,18.96,20.3,20.95,20.34,0,HEALTHY
LOT_2026_01,LOT_2026_01_COMP_0514,0.1415,0.1004,13.48,14.55,15.43,14.77,0,HEALTHY
LOT_2026_01,LOT_2026_01_COMP_0515,0.1211,-0.118,10.37,11.62,11.05,11.74,0,HEALTHY
LOT_2026_01,LOT_2026_01_COMP_0516,0.5133,0.4344,17.64,18.62,19.32,18.89,0,HEALTHY
LOT_2026_01,LOT_2026_01_COMP_0517,-0.1941,-0.5521,17.18,18.42,19.24,18.99,0,HEALTHY
LOT_2026_01,LOT_2026_01_COMP_0518,-0.9527,-0.0234,17.53,18.87,17.75,18.72,0,HEALTHY
LOT_2026_01,LOT_2026_01_COMP_0519,0.0899,0.8379,15.64,16.2,17.17,17.21,0,HEALTHY
LOT_2026_01,LOT_2026_01_COMP_0520,0.6229,0.5908,14.32,15.2,16.0,15.54,0,HEALTHY
LOT_2026_01,LOT_2026_01_COMP_0521,0.8721,0.0052,13.23,14.55,14.55,14.06,0,HEALTHY
LOT_2026_01,LOT_2026_01_COMP_0522,-0.4262,-0.6279,16.36,17.18,17.97,17.42,0,HEALTHY
LOT_2026_01,LOT_2026_01_COMP_0523,-0.5391,-0.0245,12.37,13.0,13.88,14.02,0,HEALTHY
LOT_2026_01,LOT_2026_01_COMP_0524,0.4152,-0.5812,14.84,15.9,16.14,16.44,0,HEALTHY
LOT_2026_01,LOT_2026_01_COMP_0525,0.3877,-0.4249,15.09,16.11,16.59,16.87,0,HEALTHY
LOT_2026_01,LOT_2026_01_COMP_0526,-0.5381,0.6221,16.49,17.22,17.76,18.78,0,HEALTHY
LOT_2026_01,LOT_2026_01_COMP_0527,-0.4108,-0.2141,13.04,13.95,14.16,15.07,0,HEALTHY
LOT_2026_01,LOT_2026_01_COMP_0528,0.034,-0.1944,9.01,9.81,10.19,10.57,0,HEALTHY
LOT_2026_01,LOT_2026_01_COMP_0529,-0.9138,-0.0671,13.83,14.57,15.13,15.99,0,HEALTHY
LOT_2026_01,LOT_2026_01_COMP_0530,0.017,-0.31,13.46,14.09,15.43,15.61,0,HEALTHY
LOT_2026_01,LOT_2026_01_COMP_0531,0.3847,0.747,17.05,18.08,18.54,18.57,0,HEALTHY
LOT_2026_01,LOT_2026_01_COMP_0532,0.1773,-0.4177,12.06,13.14,12.97,13.82,0,HEALTHY
LOT_2026_01,LOT_2026_01_COMP_0533,-0.3547,0.0658,11.43,12.6,12.86,13.53,0,HEALTHY
LOT_2026_01,LOT_2026_01_COMP_0534,-0.2444,0.5357,12.34,13.56,13.65,13.87,0,HEALTHY
LOT_2026_01,LOT_2026_01_COMP_0535,0.8687,-0.2653,15.95,17.63,17.46,17.57,0,HEALTHY
LOT_2026_01,LOT_2026_01_COMP_0536,-0.3479,-0.4221,10.9,12.71,12.19,12.17,0,HEALTHY
LOT_2026_01,LOT_2026_01_COMP_0537,0.5696,0.1908,12.71,14.11,14.5,14.23,0,HEALTHY
LOT_2026_01,LOT_2026_01_COMP_0538,-0.3982,-0.2257,13.14,14.02,14.43,14.56,0,HEALTHY
LOT_2026_01,LOT_2026_01_COMP_0539,-0.6144,0.5109,15.78,30.94,231.71,1741.55,1,THERMAL_RUNAWAY_EXP
LOT_2026_01,LOT_2026_01_COMP_0540,-0.416,-0.6024,12.83,13.72,14.15,14.23,0,HEALTHY
LOT_2026_01,LOT_2026_01_COMP_0541,-0.4216,0.3525,11.45,12.86,13.36,13.15,0,HEALTHY
LOT_2026_01,LOT_2026_01_COMP_0542,-0.6171,-0.6345,18.4,18.98,19.89,19.73,0,HEALTHY
LOT_2026_01,LOT_2026_01_COMP_0543,-0.2918,-0.8224,12.36,13.49,14.23,14.1,0,HEALTHY
LOT_2026_01,LOT_2026_01_COMP_0544,-0.6818,-0.3259,15.25,16.4,16.71,16.83,0,HEALTHY
LOT_2026_01,LOT_2026_01_COMP_0545,0.5987,0.1543,16.51,17.7,17.99,17.73,0,HEALTHY
LOT_2026_01,LOT_2026_01_COMP_0546,-0.3091,0.4725,9.44,10.41,11.03,10.42,0,HEALTHY
LOT_2026_01,LOT_2026_01_COMP_0547,0.2232,-0.9503,17.52,18.88,18.45,19.08,0,HEALTHY
LOT_2026_01,LOT_2026_01_COMP_0548,0.4468,-0.5109,12.77,30.24,45.52,54.54,1,NBTI_POWER_LAW
LOT_2026_01,LOT_2026_01_COMP_0549,-0.055,-0.3364,13.82,14.8,15.5,15.14,0,HEALTHY
LOT_2026_01,LOT_2026_01_COMP_0550,0.1302,0.6154,15.1,15.82,16.44,16.26,0,HEALTHY
LOT_2026_01,LOT_2026_01_COMP_0551,-0.2847,-0.8063,15.69,17.2,16.62,16.49,0,HEALTHY
LOT_2026_01,LOT_2026_01_COMP_0552,-0.6819,0.7187,16.01,31.21,235.21,1767.71,1,THERMAL_RUNAWAY_EXP
LOT_2026_01,LOT_2026_01_COMP_0553,-0.6495,0.7226,18.28,19.63,19.72,19.86,0,HEALTHY
LOT_2026_01,LOT_2026_01_COMP_0554,0.1916,-0.762,17.16,18.43,17.96,19.29,0,HEALTHY
LOT_2026_01,LOT_2026_01_COMP_0555,0.3,-0.0381,9.52,11.2,11.29,10.25,0,HEALTHY
LOT_2026_01,LOT_2026_01_COMP_0556,0.6295,-0.2674,14.67,16.08,16.36,16.66,0,HEALTHY
LOT_2026_01,LOT_2026_01_COMP_0557,0.2106,-0.9168,17.61,18.71,19.13,19.03,0,HEALTHY
LOT_2026_01,LOT_2026_01_COMP_0558,-0.3146,-0.8954,12.94,14.52,14.53,14.68,0,HEALTHY
LOT_2026_01,LOT_2026_01_COMP_0559,0.3355,0.0083,14.94,16.25,16.58,16.17,0,HEALTHY
LOT_2026_01,LOT_2026_01_COMP_0560,-0.5222,0.6015,15.47,16.59,17.23,16.83,0,HEALTHY
LOT_2026_01,LOT_2026_01_COMP_0561,0.5482,-0.3058,14.63,15.46,15.37,16.42,0,HEALTHY
LOT_2026_01,LOT_2026_01_COMP_0562,0.2571,0.0121,11.68,12.2,13.27,13.5,0,HEALTHY
LOT_2026_01,LOT_2026_01_COMP_0563,0.1348,0.1961,9.72,10.97,11.08,11.39,0,HEALTHY
LOT_2026_01,LOT_2026_01_COMP_0564,0.2844,0.1276,12.84,13.55,14.02,14.45,0,HEALTHY
LOT_2026_01,LOT_2026_01_COMP_0565,-0.5544,0.0841,11.6,12.35,13.28,12.64,0,HEALTHY
LOT_2026_01,LOT_2026_01_COMP_0566,-0.8617,-0.1438,12.62,24.9,185.65,1393.08,1,THERMAL_RUNAWAY_EXP
LOT_2026_01,LOT_2026_01_COMP_0567,0.2111,0.0887,10.82,12.02,11.65,12.34,0,HEALTHY
LOT_2026_01,LOT_2026_01_COMP_0568,-0.2527,0.3688,14.29,31.84,47.34,56.65,1,NBTI_POWER_LAW
LOT_2026_01,LOT_2026_01_COMP_0569,0.9413,0.0998,15.89,36.21,97.53,158.45,1,ELECTROMIGRATION_LINEAR
LOT_2026_01,LOT_2026_01_COMP_0570,-0.2365,-0.1281,12.24,13.32,13.22,14.06,0,HEALTHY
LOT_2026_01,LOT_2026_01_COMP_0571,0.0616,0.2212,12.74,13.61,13.53,14.16,0,HEALTHY
LOT_2026_01,LOT_2026_01_COMP_0572,-0.5072,0.0574,13.05,14.55,14.26,14.62,0,HEALTHY
LOT_2026_01,LOT_2026_01_COMP_0573,-0.9087,0.3787,15.19,15.88,16.73,16.86,0,HEALTHY
LOT_2026_01,LOT_2026_01_COMP_0574,-0.3932,-0.4656,17.18,18.19,18.32,18.7,0,HEALTHY
LOT_2026_01,LOT_2026_01_COMP_0575,-0.5558,-0.3327,11.72,12.71,13.11,13.66,0,HEALTHY
LOT_2026_01,LOT_2026_01_COMP_0576,-0.5436,0.6022,14.79,16.35,15.84,16.34,0,HEALTHY
LOT_2026_01,LOT_2026_01_COMP_0577,-0.1741,0.5028,11.26,12.61,12.33,12.68,0,HEALTHY
LOT_2026_01,LOT_2026_01_COMP_0578,0.4187,0.8588,15.34,15.93,17.31,16.87,0,HEALTHY
LOT_2026_01,LOT_2026_01_COMP_0579,-0.4464,-0.0982,13.62,14.05,14.76,14.96,0,HEALTHY
LOT_2026_01,LOT_2026_01_COMP_0580,-0.6486,-0.6562,15.27,16.08,17.26,16.46,0,HEALTHY
LOT_2026_01,LOT_2026_01_COMP_0581,-0.7241,-0.5773,13.88,15.47,14.89,15.14,0,HEALTHY
LOT_2026_01,LOT_2026_01_COMP_0582,0.1285,-0.3768,18.32,19.65,19.87,19.92,0,HEALTHY
LOT_2026_01,LOT_2026_01_COMP_0583,0.171,0.2515,14.26,15.64,16.06,16.06,0,HEALTHY
LOT_2026_01,LOT_2026_01_COMP_0584,0.6479,-0.0906,11.79,12.32,13.48,13.81,0,HEALTHY
LOT_2026_01,LOT_2026_01_COMP_0585,0.1279,-0.0365,14.12,15.8,15.53,15.07,0,HEALTHY
LOT_2026_01,LOT_2026_01_COMP_0586,-0.4832,0.7093,18.18,19.63,20.42,19.71,0,HEALTHY
LOT_2026_01,LOT_2026_01_COMP_0587,-0.8763,-0.4763,15.81,16.8,16.72,17.61,0,HEALTHY
LOT_2026_01,LOT_2026_01_COMP_0588,0.3489,0.2352,12.23,14.05,14.09,14.02,0,HEALTHY
LOT_2026_01,LOT_2026_01_COMP_0589,0.2264,0.8313,12.49,13.46,13.92,13.86,0,HEALTHY
LOT_2026_01,LOT_2026_01_COMP_0590,0.9788,0.0988,15.14,16.4,17.19,17.05,0,HEALTHY
LOT_2026_01,LOT_2026_01_COMP_0591,-0.32,-0.6363,13.0,14.31,14.36,15.26,0,HEALTHY
LOT_2026_01,LOT_2026_01_COMP_0592,-0.4963,-0.1648,14.21,15.22,15.72,15.82,0,HEALTHY
LOT_2026_01,LOT_2026_01_COMP_0593,0.644,0.1496,12.78,30.61,45.65,55.4,1,NBTI_POWER_LAW
LOT_2026_01,LOT_2026_01_COMP_0594,-0.67,-0.59,15.89,17.68,17.87,16.99,0,HEALTHY
LOT_2026_01,LOT_2026_01_COMP_0595,0.2182,0.0117,9.58,10.29,11.05,11.35,0,HEALTHY
LOT_2026_01,LOT_2026_01_COMP_0596,0.9784,-0.1363,15.9,16.79,17.89,17.17,0,HEALTHY
LOT_2026_01,LOT_2026_01_COMP_0597,-0.0025,0.379,13.03,14.26,14.49,14.08,0,HEALTHY
LOT_2026_01,LOT_2026_01_COMP_0598,0.2823,-0.7883,16.27,17.76,17.76,17.31,0,HEALTHY
LOT_2026_01,LOT_2026_01_COMP_0599,-0.482,0.2544,12.42,13.44,14.14,13.86,0,HEALTHY
LOT_2026_01,LOT_2026_01_COMP_0600,0.1943,-0.3621,13.63,14.3,15.17,14.93,0,HEALTHY
LOT_2026_01,LOT_2026_01_COMP_0601,0.2303,0.4081,14.74,15.36,16.76,16.14,0,HEALTHY
LOT_2026_01,LOT_2026_01_COMP_0602,0.1292,-0.9367,16.14,17.61,17.52,17.74,0,HEALTHY
LOT_2026_01,LOT_2026_01_COMP_0603,0.1093,0.4172,11.22,12.23,12.83,12.18,0,HEALTHY
LOT_2026_01,LOT_2026_01_COMP_0604,-0.6637,-0.5736,15.94,17.45,16.67,17.89,0,HEALTHY
LOT_2026_01,LOT_2026_01_COMP_0605,0.8191,-0.2913,15.2,15.56,16.91,16.32,0,HEALTHY
LOT_2026_01,LOT_2026_01_COMP_0606,0.2142,0.0399,13.82,14.81,15.35,15.64,0,HEALTHY
LOT_2026_01,LOT_2026_01_COMP_0607,-0.7853,0.3136,15.69,16.82,16.9,16.45,0,HEALTHY
LOT_2026_01,LOT_2026_01_COMP_0608,-0.2634,-0.3421,11.44,12.74,12.71,12.85,0,HEALTHY
LOT_2026_01,LOT_2026_01_COMP_0609,-0.9436,-0.0151,16.57,18.15,17.69,18.28,0,HEALTHY
LOT_2026_01,LOT_2026_01_COMP_0610,-0.1689,-0.5394,14.58,27.91,214.66,1609.75,1,THERMAL_RUNAWAY_EXP
LOT_2026_01,LOT_2026_01_COMP_0611,-0.4053,0.2476,12.22,13.72,13.58,14.06,0,HEALTHY
LOT_2026_01,LOT_2026_01_COMP_0612,-0.7919,0.0027,14.56,32.61,47.23,56.96,1,NBTI_POWER_LAW
LOT_2026_01,LOT_2026_01_COMP_0613,-0.3842,-0.472,12.52,13.62,13.56,13.05,0,HEALTHY
LOT_2026_01,LOT_2026_01_COMP_0614,0.5469,0.6153,13.03,14.56,14.23,14.46,0,HEALTHY
LOT_2026_01,LOT_2026_01_COMP_0615,0.1207,0.5943,10.97,12.32,12.22,12.19,0,HEALTHY
LOT_2026_01,LOT_2026_01_COMP_0616,-0.2026,-0.4417,10.52,12.11,11.97,12.0,0,HEALTHY
LOT_2026_01,LOT_2026_01_COMP_0617,0.8376,0.1109,18.5,19.76,20.06,19.95,0,HEALTHY
LOT_2026_01,LOT_2026_01_COMP_0618,-0.3579,-0.794,19.19,19.86,20.55,21.47,0,HEALTHY
LOT_2026_01,LOT_2026_01_COMP_0619,-0.2893,-0.1293,14.22,15.82,15.76,15.53,0,HEALTHY
LOT_2026_01,LOT_2026_01_COMP_0620,0.7732,-0.4291,12.28,13.83,14.19,13.41,0,HEALTHY
LOT_2026_01,LOT_2026_01_COMP_0621,-0.4894,0.8422,15.6,16.88,16.74,17.44,0,HEALTHY
LOT_2026_01,LOT_2026_01_COMP_0622,-0.2351,0.4813,13.68,14.34,15.07,14.98,0,HEALTHY
LOT_2026_01,LOT_2026_01_COMP_0623,-0.997,0.0321,17.77,19.1,18.8,19.22,0,HEALTHY
LOT_2026_01,LOT_2026_01_COMP_0624,-0.1703,-0.8772,15.45,16.74,16.64,17.58,0,HEALTHY
LOT_2026_01,LOT_2026_01_COMP_0625,-0.7891,-0.4345,12.53,13.8,13.62,13.78,0,HEALTHY
LOT_2026_01,LOT_2026_01_COMP_0626,0.2846,-0.7868,15.3,16.22,16.31,17.12,0,HEALTHY
LOT_2026_01,LOT_2026_01_COMP_0627,0.0256,-0.273,11.83,12.09,13.6,12.48,0,HEALTHY
LOT_2026_01,LOT_2026_01_COMP_0628,-0.7911,0.4406,17.35,18.07,18.95,18.72,0,HEALTHY
LOT_2026_01,LOT_2026_01_COMP_0629,0.3798,0.4803,14.23,14.8,15.64,15.53,0,HEALTHY
LOT_2026_01,LOT_2026_01_COMP_0630,0.1519,0.269,14.66,15.29,15.98,15.99,0,HEALTHY
LOT_2026_01,LOT_2026_01_COMP_0631,0.6383,0.4505,14.79,14.96,16.5,15.94,0,HEALTHY
LOT_2026_01,LOT_2026_01_COMP_0632,0.7094,-0.1088,15.49,16.11,17.16,16.37,0,HEALTHY
LOT_2026_01,LOT_2026_01_COMP_0633,0.1256,-0.0243,8.5,9.47,10.49,10.0,0,HEALTHY
LOT_2026_01,LOT_2026_01_COMP_0634,-0.3784,-0.6948,14.63,27.79,215.53,1614.92,1,THERMAL_RUNAWAY_EXP
LOT_2026_01,LOT_2026_01_COMP_0635,-0.5276,-0.3113,16.28,18.07,17.29,17.44,0,HEALTHY
LOT_2026_01,LOT_2026_01_COMP_0636,-0.332,-0.1905,11.71,12.81,13.16,13.29,0,HEALTHY
LOT_2026_01,LOT_2026_01_COMP_0637,-0.7566,0.4781,15.62,16.94,17.15,17.53,0,HEALTHY
LOT_2026_01,LOT_2026_01_COMP_0638,0.5083,-0.0133,14.62,16.37,16.24,15.87,0,HEALTHY
LOT_2026_01,LOT_2026_01_COMP_0639,0.0654,0.711,15.33,16.79,17.05,16.7,0,HEALTHY
LOT_2026_01,LOT_2026_01_COMP_0640,0.4818,-0.5161,16.74,17.61,17.95,18.14,0,HEALTHY
LOT_2026_01,LOT_2026_01_COMP_0641,0.1234,0.4818,10.12,11.28,11.11,11.9,0,HEALTHY
LOT_2026_01,LOT_2026_01_COMP_0642,-0.4402,-0.0874,15.26,16.06,16.73,17.09,0,HEALTHY
LOT_2026_01,LOT_2026_01_COMP_0643,-0.5616,0.2379,12.55,24.9,183.97,1385.91,1,THERMAL_RUNAWAY_EXP
LOT_2026_01,LOT_2026_01_COMP_0644,-0.3613,0.2495,15.8,16.92,17.42,17.65,0,HEALTHY
LOT_2026_01,LOT_2026_01_COMP_0645,-0.5252,-0.3507,13.29,14.62,14.53,14.49,0,HEALTHY
LOT_2026_01,LOT_2026_01_COMP_0646,0.4069,-0.3491,13.62,15.32,15.39,15.23,0,HEALTHY
LOT_2026_01,LOT_2026_01_COMP_0647,0.6976,-0.3671,17.13,18.06,18.44,19.25,0,HEALTHY
LOT_2026_01,LOT_2026_01_COMP_0648,0.2761,0.616,14.64,15.34,15.34,16.08,0,HEALTHY
LOT_2026_01,LOT_2026_01_COMP_0649,0.5765,0.2882,11.01,12.13,12.04,12.37,0,HEALTHY
LOT_2026_01,LOT_2026_01_COMP_0650,0.0617,-0.0172,14.34,15.2,15.81,15.8,0,HEALTHY
LOT_2026_01,LOT_2026_01_COMP_0651,-0.3521,0.5784,15.19,15.82,16.86,16.47,0,HEALTHY
LOT_2026_01,LOT_2026_01_COMP_0652,0.1487,0.6944,15.38,32.93,48.36,57.72,1,NBTI_POWER_LAW
LOT_2026_01,LOT_2026_01_COMP_0653,-0.3452,0.5966,12.3,12.78,13.66,13.6,0,HEALTHY
LOT_2026_01,LOT_2026_01_COMP_0654,-0.0173,-0.4497,14.22,15.23,15.41,15.73,0,HEALTHY
LOT_2026_01,LOT_2026_01_COMP_0655,0.1913,0.9446,14.81,16.52,15.93,16.39,0,HEALTHY
LOT_2026_01,LOT_2026_01_COMP_0656,0.0658,0.8409,16.44,17.95,17.75,17.75,0,HEALTHY
LOT_2026_01,LOT_2026_01_COMP_0657,-0.4901,-0.6569,16.85,37.17,97.83,159.7,1,ELECTROMIGRATION_LINEAR
LOT_2026_01,LOT_2026_01_COMP_0658,-0.6217,0.6075,15.08,15.79,16.0,17.07,0,HEALTHY
LOT_2026_01,LOT_2026_01_COMP_0659,-0.9718,-0.0789,15.43,16.74,16.73,16.58,0,HEALTHY
LOT_2026_01,LOT_2026_01_COMP_0660,0.8588,0.2742,15.43,17.04,16.79,17.26,0,HEALTHY
LOT_2026_01,LOT_2026_01_COMP_0661,-0.3811,0.0882,13.7,15.37,15.01,14.88,0,HEALTHY
LOT_2026_01,LOT_2026_01_COMP_0662,0.2613,-0.7049,14.54,15.27,15.34,16.15,0,HEALTHY
LOT_2026_01,LOT_2026_01_COMP_0663,0.8034,0.4922,18.37,19.2,20.51,20.19,0,HEALTHY
LOT_2026_01,LOT_2026_01_COMP_0664,-0.4675,0.8394,15.16,15.98,16.53,16.54,0,HEALTHY
LOT_2026_01,LOT_2026_01_COMP_0665,0.7497,0.6419,17.07,17.67,18.98,18.68,0,HEALTHY
LOT_2026_01,LOT_2026_01_COMP_0666,0.1688,-0.6772,10.49,11.6,11.59,11.7,0,HEALTHY
LOT_2026_01,LOT_2026_01_COMP_0667,0.7699,0.3777,13.78,14.74,14.83,15.17,0,HEALTHY
LOT_2026_01,LOT_2026_01_COMP_0668,0.1941,-0.3945,10.61,11.02,11.34,12.76,0,HEALTHY
LOT_2026_01,LOT_2026_01_COMP_0669,0.0044,0.7627,15.62,32.94,48.63,56.94,1,NBTI_POWER_LAW
LOT_2026_01,LOT_2026_01_COMP_0670,0.312,-0.3078,13.62,14.83,14.88,15.0,0,HEALTHY
LOT_2026_01,LOT_2026_01_COMP_0671,-0.0222,0.3499,8.79,10.11,10.07,10.46,0,HEALTHY
LOT_2026_01,LOT_2026_01_COMP_0672,0.6288,0.2885,13.44,14.98,14.68,15.47,0,HEALTHY
LOT_2026_01,LOT_2026_01_COMP_0673,0.1615,0.6414,12.23,13.44,13.8,13.45,0,HEALTHY
LOT_2026_01,LOT_2026_01_COMP_0674,0.46,-0.5611,16.01,17.26,16.95,17.67,0,HEALTHY
LOT_2026_01,LOT_2026_01_COMP_0675,-0.0628,-0.9621,13.91,14.89,15.26,15.46,0,HEALTHY
LOT_2026_01,LOT_2026_01_COMP_0676,0.0844,-0.0781,12.05,13.1,13.45,13.83,0,HEALTHY
LOT_2026_01,LOT_2026_01_COMP_0677,0.866,0.4617,15.99,17.3,17.11,17.74,0,HEALTHY
LOT_2026_01,LOT_2026_01_COMP_0678,-0.4321,-0.0926,13.77,14.55,15.01,15.22,0,HEALTHY
LOT_2026_01,LOT_2026_01_COMP_0679,-0.77,0.3482,16.86,18.04,17.77,17.72,0,HEALTHY
LOT_2026_01,LOT_2026_01_COMP_0680,-0.2739,-0.16,16.74,17.74,18.0,18.8,0,HEALTHY
LOT_2026_01,LOT_2026_01_COMP_0681,-0.1445,0.3866,12.37,13.17,13.45,13.8,0,HEALTHY
LOT_2026_01,LOT_2026_01_COMP_0682,0.8676,-0.4535,17.39,18.54,18.76,18.2,0,HEALTHY
LOT_2026_01,LOT_2026_01_COMP_0683,0.4267,0.1771,11.7,12.74,13.21,13.52,0,HEALTHY
LOT_2026_01,LOT_2026_01_COMP_0684,-0.73,0.1967,12.32,12.62,13.76,14.23,0,HEALTHY
LOT_2026_01,LOT_2026_01_COMP_0685,-0.4068,0.6265,14.47,15.39,16.04,15.91,0,HEALTHY
LOT_2026_01,LOT_2026_01_COMP_0686,0.0728,0.3065,13.2,14.37,14.23,15.24,0,HEALTHY
LOT_2026_01,LOT_2026_01_COMP_0687,0.7826,-0.3615,16.39,17.56,17.67,17.55,0,HEALTHY
LOT_2026_01,LOT_2026_01_COMP_0688,-0.3895,-0.7143,18.07,19.23,19.04,19.24,0,HEALTHY
LOT_2026_01,LOT_2026_01_COMP_0689,0.007,0.3593,9.88,19.4,145.04,1090.35,1,THERMAL_RUNAWAY_EXP
LOT_2026_01,LOT_2026_01_COMP_0690,-0.4262,0.1987,15.81,16.28,17.37,17.57,0,HEALTHY
LOT_2026_01,LOT_2026_01_COMP_0691,-0.3968,0.7614,14.07,14.84,15.55,15.7,0,HEALTHY
LOT_2026_01,LOT_2026_01_COMP_0692,-0.0906,0.3532,10.89,12.55,12.49,12.24,0,HEALTHY
LOT_2026_01,LOT_2026_01_COMP_0693,0.1924,-0.7821,14.69,15.48,15.95,16.51,0,HEALTHY
LOT_2026_01,LOT_2026_01_COMP_0694,-0.4697,0.8701,18.78,19.68,20.27,20.23,0,HEALTHY
LOT_2026_01,LOT_2026_01_COMP_0695,0.9597,-0.2543,20.13,20.89,20.64,21.52,0,HEALTHY
LOT_2026_01,LOT_2026_01_COMP_0696,0.2557,0.2841,14.93,16.07,15.88,15.97,0,HEALTHY
LOT_2026_01,LOT_2026_01_COMP_0697,0.6951,0.3812,14.92,15.75,16.66,16.17,0,HEALTHY
LOT_2026_01,LOT_2026_01_COMP_0698,-0.4459,0.0447,10.39,11.29,11.51,11.98,0,HEALTHY
LOT_2026_01,LOT_2026_01_COMP_0699,-0.1621,0.0902,14.8,16.1,16.08,16.31,0,HEALTHY
LOT_2026_01,LOT_2026_01_COMP_0700,-0.8508,-0.5033,20.49,40.73,102.24,163.22,1,ELECTROMIGRATION_LINEAR
LOT_2026_01,LOT_2026_01_COMP_0701,-0.3576,-0.8422,17.41,18.86,18.47,18.8,0,HEALTHY
LOT_2026_01,LOT_2026_01_COMP_0702,-0.0331,-0.5116,11.69,13.04,13.23,14.09,0,HEALTHY
LOT_2026_01,LOT_2026_01_COMP_0703,-0.2457,-0.9226,16.33,17.59,18.54,17.89,0,HEALTHY
LOT_2026_01,LOT_2026_01_COMP_0704,0.8035,0.142,12.32,13.41,14.06,14.21,0,HEALTHY
LOT_2026_01,LOT_2026_01_COMP_0705,0.1346,0.6982,12.77,13.28,14.93,14.14,0,HEALTHY
LOT_2026_01,LOT_2026_01_COMP_0706,0.6721,0.2439,15.05,15.79,16.44,16.84,0,HEALTHY
LOT_2026_01,LOT_2026_01_COMP_0707,-0.6146,0.1506,14.64,15.92,16.5,15.54,0,HEALTHY
LOT_2026_01,LOT_2026_01_COMP_0708,-0.1895,0.4257,13.73,14.86,15.31,14.79,0,HEALTHY
LOT_2026_01,LOT_2026_01_COMP_0709,-0.5305,-0.3444,13.88,14.77,14.9,14.94,0,HEALTHY
LOT_2026_01,LOT_2026_01_COMP_0710,0.2016,-0.5599,11.24,12.27,12.76,13.07,0,HEALTHY
LOT_2026_01,LOT_2026_01_COMP_0711,-0.1458,0.9234,16.07,17.11,17.54,18.05,0,HEALTHY
LOT_2026_01,LOT_2026_01_COMP_0712,-0.6943,0.68,12.0,13.01,13.68,13.71,0,HEALTHY
LOT_2026_01,LOT_2026_01_COMP_0713,-0.0857,-0.8193,15.89,17.29,17.11,16.87,0,HEALTHY
LOT_2026_01,LOT_2026_01_COMP_0714,-0.0662,-0.8233,16.0,17.23,16.98,18.26,0,HEALTHY
LOT_2026_01,LOT_2026_01_COMP_0715,-0.6192,0.0879,11.61,12.88,12.75,13.57,0,HEALTHY
LOT_2026_01,LOT_2026_01_COMP_0716,0.6321,0.5629,14.32,15.7,15.34,16.28,0,HEALTHY
LOT_2026_01,LOT_2026_01_COMP_0717,-0.6971,-0.4686,15.31,16.42,17.21,16.95,0,HEALTHY
LOT_2026_01,LOT_2026_01_COMP_0718,0.7541,-0.3146,14.75,16.12,16.08,16.37,0,HEALTHY
LOT_2026_01,LOT_2026_01_COMP_0719,-0.2309,-0.9086,18.0,35.08,263.98,1986.91,1,THERMAL_RUNAWAY_EXP
LOT_2026_01,LOT_2026_01_COMP_0720,-0.3749,0.1035,11.49,13.15,13.07,13.01,0,HEALTHY
LOT_2026_01,LOT_2026_01_COMP_0721,-0.0176,-0.697,12.88,14.25,14.39,14.62,0,HEALTHY
LOT_2026_01,LOT_2026_01_COMP_0722,-0.1127,0.7476,14.63,15.21,16.65,16.03,0,HEALTHY
LOT_2026_01,LOT_2026_01_COMP_0723,-0.853,-0.0445,14.67,15.7,16.77,16.26,0,HEALTHY
LOT_2026_01,LOT_2026_01_COMP_0724,0.9232,0.2214,15.96,16.79,17.35,17.43,0,HEALTHY
LOT_2026_01,LOT_2026_01_COMP_0725,-0.8308,0.1624,18.08,20.19,18.51,19.21,0,HEALTHY
LOT_2026_01,LOT_2026_01_COMP_0726,-0.1874,-0.7536,13.61,15.4,14.71,15.52,0,HEALTHY
LOT_2026_01,LOT_2026_01_COMP_0727,-0.3608,0.0705,13.65,15.14,15.71,15.01,0,HEALTHY
LOT_2026_01,LOT_2026_01_COMP_0728,0.7476,-0.3289,11.54,12.62,12.98,13.65,0,HEALTHY
LOT_2026_01,LOT_2026_01_COMP_0729,0.6164,-0.5776,14.74,16.32,15.87,16.17,0,HEALTHY
LOT_2026_01,LOT_2026_01_COMP_0730,-0.8447,-0.3494,15.69,17.09,16.92,17.28,0,HEALTHY
LOT_2026_01,LOT_2026_01_COMP_0731,0.8494,-0.3204,14.09,15.13,15.53,16.32,0,HEALTHY
LOT_2026_01,LOT_2026_01_COMP_0732,0.5097,-0.7153,12.51,13.3,14.35,14.34,0,HEALTHY
LOT_2026_01,LOT_2026_01_COMP_0733,-0.3826,0.1707,14.46,15.49,15.78,16.13,0,HEALTHY
LOT_2026_01,LOT_2026_01_COMP_0734,-0.6229,-0.005,13.44,13.9,14.75,14.81,0,HEALTHY
LOT_2026_01,LOT_2026_01_COMP_0735,0.9701,0.0396,15.64,17.09,17.28,16.17,0,HEALTHY
LOT_2026_01,LOT_2026_01_COMP_0736,0.6403,-0.0161,11.53,12.24,12.8,13.36,0,HEALTHY
LOT_2026_01,LOT_2026_01_COMP_0737,-0.091,-0.4344,11.71,12.6,12.77,13.43,0,HEALTHY
LOT_2026_01,LOT_2026_01_COMP_0738,0.7519,0.2727,15.14,16.21,16.71,16.82,0,HEALTHY
LOT_2026_01,LOT_2026_01_COMP_0739,0.6718,0.2908,11.58,13.16,13.02,12.94,0,HEALTHY
LOT_2026_01,LOT_2026_01_COMP_0740,0.0985,0.4189,15.73,16.94,17.27,17.58,0,HEALTHY
LOT_2026_01,LOT_2026_01_COMP_0741,-0.549,-0.6319,13.27,14.32,14.19,13.92,0,HEALTHY
LOT_2026_01,LOT_2026_01_COMP_0742,-0.6243,-0.5764,16.52,17.83,17.66,17.38,0,HEALTHY
LOT_2026_01,LOT_2026_01_COMP_0743,-0.6876,-0.5,15.31,16.22,16.89,16.22,0,HEALTHY
LOT_2026_01,LOT_2026_01_COMP_0744,-0.66,-0.2124,14.34,27.33,210.47,1583.67,1,THERMAL_RUNAWAY_EXP
LOT_2026_01,LOT_2026_01_COMP_0745,-0.53,-0.1256,10.35,11.52,12.07,11.39,0,HEALTHY
LOT_2026_01,LOT_2026_01_COMP_0746,-0.6341,-0.1736,14.93,15.79,16.87,16.47,0,HEALTHY
LOT_2026_01,LOT_2026_01_COMP_0747,0.7777,0.0646,15.75,16.81,17.33,17.34,0,HEALTHY
LOT_2026_01,LOT_2026_01_COMP_0748,-0.6475,-0.2161,16.31,17.82,18.07,17.73,0,HEALTHY
LOT_2026_01,LOT_2026_01_COMP_0749,0.6626,-0.3585,14.23,15.48,16.13,15.21,0,HEALTHY
LOT_2026_01,LOT_2026_01_COMP_0750,-0.1962,-0.8043,17.04,18.22,18.55,18.84,0,HEALTHY
LOT_2026_01,LOT_2026_01_COMP_0751,0.1137,0.0321,9.63,29.81,90.66,152.58,1,ELECTROMIGRATION_LINEAR
LOT_2026_01,LOT_2026_01_COMP_0752,-0.3641,-0.9045,17.82,19.39,19.73,18.77,0,HEALTHY
LOT_2026_01,LOT_2026_01_COMP_0753,0.2851,-0.8801,16.01,16.88,17.8,17.49,0,HEALTHY
LOT_2026_01,LOT_2026_01_COMP_0754,0.1487,-0.3312,14.77,15.29,16.58,15.8,0,HEALTHY
LOT_2026_01,LOT_2026_01_COMP_0755,-0.9166,-0.2077,16.04,17.48,16.93,17.94,0,HEALTHY
LOT_2026_01,LOT_2026_01_COMP_0756,-0.4641,0.2758,10.41,11.49,11.94,12.07,0,HEALTHY
LOT_2026_01,LOT_2026_01_COMP_0757,-0.238,-0.944,15.94,16.72,18.16,18.03,0,HEALTHY
LOT_2026_01,LOT_2026_01_COMP_0758,0.5425,0.5362,14.78,16.21,16.49,15.58,0,HEALTHY
LOT_2026_01,LOT_2026_01_COMP_0759,0.4388,0.2532,13.26,14.33,15.23,14.54,0,HEALTHY
LOT_2026_01,LOT_2026_01_COMP_0760,0.3941,0.6141,15.56,16.9,17.22,17.61,0,HEALTHY
LOT_2026_01,LOT_2026_01_COMP_0761,0.3951,0.8749,13.39,14.01,14.57,15.22,0,HEALTHY
LOT_2026_01,LOT_2026_01_COMP_0762,-0.6392,0.3694,15.08,16.13,16.32,16.68,0,HEALTHY
LOT_2026_01,LOT_2026_01_COMP_0763,0.535,-0.2728,15.31,17.4,17.14,16.99,0,HEALTHY
LOT_2026_01,LOT_2026_01_COMP_0764,0.396,0.1386,15.18,16.32,16.64,16.95,0,HEALTHY
LOT_2026_01,LOT_2026_01_COMP_0765,-0.4494,-0.5488,9.8,26.69,42.3,51.39,1,NBTI_POWER_LAW
LOT_2026_01,LOT_2026_01_COMP_0766,-0.7025,-0.5497,11.4,12.27,13.17,12.96,0,HEALTHY
LOT_2026_01,LOT_2026_01_COMP_0767,-0.0717,0.2963,14.01,14.89,15.6,15.51,0,HEALTHY
LOT_2026_01,LOT_2026_01_COMP_0768,-0.0505,-0.179,13.97,15.36,14.95,15.32,0,HEALTHY
LOT_2026_01,LOT_2026_01_COMP_0769,0.1752,0.7545,15.34,16.11,16.82,17.09,0,HEALTHY
LOT_2026_01,LOT_2026_01_COMP_0770,0.4837,0.2051,12.81,13.88,14.41,14.64,0,HEALTHY
LOT_2026_01,LOT_2026_01_COMP_0771,0.0122,0.4884,11.45,12.3,12.36,13.44,0,HEALTHY
LOT_2026_01,LOT_2026_01_COMP_0772,-0.9288,-0.1233,19.28,19.95,21.04,21.42,0,HEALTHY
LOT_2026_01,LOT_2026_01_COMP_0773,-0.2876,0.5691,13.15,14.4,15.05,15.16,0,HEALTHY
LOT_2026_01,LOT_2026_01_COMP_0774,-0.7555,-0.1771,13.0,14.18,14.26,15.08,0,HEALTHY
LOT_2026_01,LOT_2026_01_COMP_0775,0.0354,0.0933,11.21,11.92,12.91,12.28,0,HEALTHY
LOT_2026_01,LOT_2026_01_COMP_0776,-0.4132,-0.0154,10.09,10.6,11.51,11.66,0,HEALTHY
LOT_2026_01,LOT_2026_01_COMP_0777,-0.0337,-0.2401,10.02,10.85,11.44,11.35,0,HEALTHY
LOT_2026_01,LOT_2026_01_COMP_0778,-0.5347,0.5904,15.04,16.0,16.82,16.54,0,HEALTHY
LOT_2026_01,LOT_2026_01_COMP_0779,-0.5977,-0.4462,15.45,16.38,16.48,17.63,0,HEALTHY
LOT_2026_01,LOT_2026_01_COMP_0780,-0.5088,0.0606,9.63,10.98,11.16,11.28,0,HEALTHY
LOT_2026_01,LOT_2026_01_COMP_0781,-0.4091,0.4714,18.45,19.62,19.42,20.06,0,HEALTHY
LOT_2026_01,LOT_2026_01_COMP_0782,-0.9139,-0.3137,16.06,17.02,17.56,18.11,0,HEALTHY
LOT_2026_01,LOT_2026_01_COMP_0783,-0.318,-0.5365,15.44,16.65,17.01,17.09,0,HEALTHY
LOT_2026_01,LOT_2026_01_COMP_0784,-0.621,-0.1798,13.55,14.25,14.41,15.35,0,HEALTHY
LOT_2026_01,LOT_2026_01_COMP_0785,0.4579,-0.8069,18.13,19.29,19.65,19.45,0,HEALTHY
LOT_2026_01,LOT_2026_01_COMP_0786,-0.2365,-0.0128,10.84,12.05,12.7,12.15,0,HEALTHY
LOT_2026_01,LOT_2026_01_COMP_0787,0.2513,-0.4564,14.34,15.69,15.06,15.98,0,HEALTHY
LOT_2026_01,LOT_2026_01_COMP_0788,0.8434,-0.5084,15.39,16.59,16.93,16.8,0,HEALTHY
LOT_2026_01,LOT_2026_01_COMP_0789,0.6842,0.5376,15.87,17.19,16.52,17.58,0,HEALTHY
LOT_2026_01,LOT_2026_01_COMP_0790,-0.1932,0.639,13.75,15.21,15.18,15.25,0,HEALTHY
LOT_2026_01,LOT_2026_01_COMP_0791,-0.0552,0.5276,15.11,16.21,16.13,16.72,0,HEALTHY
LOT_2026_01,LOT_2026_01_COMP_0792,-0.3178,-0.1824,13.14,13.71,14.71,15.19,0,HEALTHY
LOT_2026_01,LOT_2026_01_COMP_0793,0.0158,0.3907,13.76,15.13,16.34,15.09,0,HEALTHY
LOT_2026_01,LOT_2026_01_COMP_0794,-0.4882,-0.6926,15.5,16.93,17.13,16.87,0,HEALTHY
LOT_2026_01,LOT_2026_01_COMP_0795,0.8535,0.2671,15.82,16.14,17.27,17.04,0,HEALTHY
LOT_2026_01,LOT_2026_01_COMP_0796,-0.6597,-0.1095,14.35,14.97,16.09,15.65,0,HEALTHY
LOT_2026_01,LOT_2026_01_COMP_0797,-0.4453,-0.7715,16.16,17.06,17.52,17.3,0,HEALTHY
LOT_2026_01,LOT_2026_01_COMP_0798,0.4529,0.3821,15.29,16.01,17.11,16.6,0,HEALTHY
LOT_2026_01,LOT_2026_01_COMP_0799,0.8391,-0.2709,12.47,13.73,12.94,13.7,0,HEALTHY
LOT_2026_01,LOT_2026_01_COMP_0800,0.4624,-0.7709,14.75,15.47,16.52,16.54,0,HEALTHY
LOT_2026_01,LOT_2026_01_COMP_0801,-0.7036,0.0181,13.24,14.09,14.1,14.43,0,HEALTHY
LOT_2026_01,LOT_2026_01_COMP_0802,0.4978,0.2527,14.63,16.03,15.91,16.11,0,HEALTHY
LOT_2026_01,LOT_2026_01_COMP_0803,0.1662,-0.8922,14.28,15.77,15.21,15.41,0,HEALTHY
LOT_2026_01,LOT_2026_01_COMP_0804,0.0567,-0.3369,13.64,14.51,14.98,15.59,0,HEALTHY
LOT_2026_01,LOT_2026_01_COMP_0805,0.9273,-0.1845,12.74,13.79,14.22,14.44,0,HEALTHY
LOT_2026_01,LOT_2026_01_COMP_0806,-0.1795,-0.2311,11.3,12.6,13.0,13.13,0,HEALTHY
LOT_2026_01,LOT_2026_01_COMP_0807,0.2953,-0.5552,12.91,14.04,13.88,14.43,0,HEALTHY
LOT_2026_01,LOT_2026_01_COMP_0808,-0.2783,0.54,15.41,15.87,16.7,17.24,0,HEALTHY
LOT_2026_01,LOT_2026_01_COMP_0809,0.0446,0.9223,16.74,17.46,18.11,18.78,0,HEALTHY
LOT_2026_01,LOT_2026_01_COMP_0810,-0.7283,-0.1201,13.55,14.66,14.87,14.94,0,HEALTHY
LOT_2026_01,LOT_2026_01_COMP_0811,0.563,0.4391,12.26,13.71,13.69,13.94,0,HEALTHY
LOT_2026_01,LOT_2026_01_COMP_0812,-0.3372,-0.0799,10.2,11.38,11.59,11.75,0,HEALTHY
LOT_2026_01,LOT_2026_01_COMP_0813,-0.3981,0.1002,11.53,12.73,13.6,13.26,0,HEALTHY
LOT_2026_01,LOT_2026_01_COMP_0814,0.6704,-0.4413,13.36,14.4,13.93,14.78,0,HEALTHY
LOT_2026_01,LOT_2026_01_COMP_0815,0.6579,-0.4672,12.34,13.44,13.82,13.79,0,HEALTHY
LOT_2026_01,LOT_2026_01_COMP_0816,-0.0301,0.8713,14.99,16.22,16.1,16.27,0,HEALTHY
LOT_2026_01,LOT_2026_01_COMP_0817,-0.2368,0.9314,12.84,13.46,13.87,14.73,0,HEALTHY
LOT_2026_01,LOT_2026_01_COMP_0818,-0.2015,0.1783,9.87,11.29,11.6,11.42,0,HEALTHY
LOT_2026_01,LOT_2026_01_COMP_0819,0.7527,-0.2794,14.75,16.15,16.03,16.65,0,HEALTHY
LOT_2026_01,LOT_2026_01_COMP_0820,-0.0754,0.1138,10.42,11.39,12.2,12.03,0,HEALTHY
LOT_2026_01,LOT_2026_01_COMP_0821,-0.8943,-0.4094,15.06,16.02,16.12,16.4,0,HEALTHY
LOT_2026_01,LOT_2026_01_COMP_0822,0.0989,-0.5628,10.82,12.4,11.79,12.43,0,HEALTHY
LOT_2026_01,LOT_2026_01_COMP_0823,0.7822,0.3795,14.63,32.27,46.46,56.85,1,NBTI_POWER_LAW
LOT_2026_01,LOT_2026_01_COMP_0824,0.2715,0.6764,17.07,18.03,18.52,18.57,0,HEALTHY
LOT_2026_01,LOT_2026_01_COMP_0825,0.4983,0.1944,15.21,15.92,16.47,17.05,0,HEALTHY
LOT_2026_01,LOT_2026_01_COMP_0826,-0.8226,0.3199,14.01,14.56,15.74,16.45,0,HEALTHY
LOT_2026_01,LOT_2026_01_COMP_0827,-0.7577,0.062,12.27,13.08,13.98,12.63,0,HEALTHY
LOT_2026_01,LOT_2026_01_COMP_0828,0.1086,-0.9009,16.88,17.27,18.17,17.99,0,HEALTHY
LOT_2026_01,LOT_2026_01_COMP_0829,-0.38,0.4512,14.22,15.41,15.66,15.41,0,HEALTHY
LOT_2026_01,LOT_2026_01_COMP_0830,-0.4987,-0.3001,14.18,15.57,15.77,15.86,0,HEALTHY
LOT_2026_01,LOT_2026_01_COMP_0831,-0.7878,-0.4183,11.81,12.34,13.11,13.07,0,HEALTHY
LOT_2026_01,LOT_2026_01_COMP_0832,-0.7585,-0.0755,14.7,15.66,15.77,16.12,0,HEALTHY
LOT_2026_01,LOT_2026_01_COMP_0833,-0.5652,0.1333,12.38,13.27,14.33,14.15,0,HEALTHY
LOT_2026_01,LOT_2026_01_COMP_0834,0.4,-0.1066,8.81,9.62,10.47,10.03,0,HEALTHY
LOT_2026_01,LOT_2026_01_COMP_0835,0.061,-0.7586,12.1,13.63,12.99,14.03,0,HEALTHY
LOT_2026_01,LOT_2026_01_COMP_0836,0.0043,0.9399,11.65,12.73,13.33,13.09,0,HEALTHY
LOT_2026_01,LOT_2026_01_COMP_0837,0.4168,-0.2418,15.78,17.43,17.35,17.59,0,HEALTHY
LOT_2026_01,LOT_2026_01_COMP_0838,0.6842,-0.6804,11.09,12.13,12.84,12.61,0,HEALTHY
LOT_2026_01,LOT_2026_01_COMP_0839,0.2272,-0.0064,12.69,14.11,14.39,14.18,0,HEALTHY
LOT_2026_01,LOT_2026_01_COMP_0840,-0.2787,0.3282,13.03,14.2,13.95,14.42,0,HEALTHY
LOT_2026_01,LOT_2026_01_COMP_0841,0.481,-0.3791,12.83,13.39,14.24,14.15,0,HEALTHY
LOT_2026_01,LOT_2026_01_COMP_0842,-0.909,-0.3965,17.51,18.91,19.03,18.74,0,HEALTHY
LOT_2026_01,LOT_2026_01_COMP_0843,-0.1034,-0.6565,15.08,15.84,16.39,16.54,0,HEALTHY
LOT_2026_01,LOT_2026_01_COMP_0844,-0.8794,0.2818,15.85,16.72,17.34,17.46,0,HEALTHY
LOT_2026_01,LOT_2026_01_COMP_0845,-0.7191,-0.5423,14.2,14.76,15.54,15.62,0,HEALTHY
LOT_2026_01,LOT_2026_01_COMP_0846,0.6294,0.0877,12.5,13.91,14.83,14.35,0,HEALTHY
LOT_2026_01,LOT_2026_01_COMP_0847,-0.1059,-0.3653,13.01,14.15,14.18,14.42,0,HEALTHY
LOT_2026_01,LOT_2026_01_COMP_0848,0.8949,-0.3549,17.33,18.25,19.13,18.3,0,HEALTHY
LOT_2026_01,LOT_2026_01_COMP_0849,0.5208,-0.1732,12.92,25.36,190.12,1426.19,1,THERMAL_RUNAWAY_EXP
LOT_2026_01,LOT_2026_01_COMP_0850,0.532,-0.3655,15.07,16.76,16.11,16.12,0,HEALTHY
LOT_2026_01,LOT_2026_01_COMP_0851,-0.4611,-0.3917,14.08,15.19,15.13,15.4,0,HEALTHY
LOT_2026_01,LOT_2026_01_COMP_0852,0.4446,-0.4642,17.42,18.46,19.47,18.88,0,HEALTHY
LOT_2026_01,LOT_2026_01_COMP_0853,0.9207,0.0902,16.05,17.35,16.64,17.57,0,HEALTHY
LOT_2026_01,LOT_2026_01_COMP_0854,0.1677,0.6816,14.09,15.47,14.79,14.98,0,HEALTHY
LOT_2026_01,LOT_2026_01_COMP_0855,0.4831,0.7923,18.0,18.9,19.02,19.52,0,HEALTHY
LOT_2026_01,LOT_2026_01_COMP_0856,-0.5223,-0.5114,16.74,17.46,18.51,18.78,0,HEALTHY
LOT_2026_01,LOT_2026_01_COMP_0857,0.272,0.2848,10.89,12.13,12.44,12.63,0,HEALTHY
LOT_2026_01,LOT_2026_01_COMP_0858,0.3053,0.7215,13.82,15.42,15.48,15.03,0,HEALTHY
LOT_2026_01,LOT_2026_01_COMP_0859,-0.2684,-0.4339,11.57,12.81,12.09,13.02,0,HEALTHY
LOT_2026_01,LOT_2026_01_COMP_0860,-0.109,0.7053,15.69,17.32,17.16,16.99,0,HEALTHY
LOT_2026_01,LOT_2026_01_COMP_0861,0.7699,0.5623,16.86,18.51,17.99,18.25,0,HEALTHY
LOT_2026_01,LOT_2026_01_COMP_0862,-0.5667,0.0917,14.94,16.25,16.55,16.74,0,HEALTHY
LOT_2026_01,LOT_2026_01_COMP_0863,0.016,0.6698,15.2,16.1,15.91,16.97,0,HEALTHY
LOT_2026_01,LOT_2026_01_COMP_0864,0.9485,0.0529,14.11,15.27,15.2,16.02,0,HEALTHY
LOT_2026_01,LOT_2026_01_COMP_0865,0.1331,-0.5821,14.28,15.35,16.01,15.2,0,HEALTHY
LOT_2026_01,LOT_2026_01_COMP_0866,-0.2022,-0.3184,12.37,12.84,13.11,13.68,0,HEALTHY
LOT_2026_01,LOT_2026_01_COMP_0867,0.1532,-0.0145,11.19,12.96,12.97,12.34,0,HEALTHY
LOT_2026_01,LOT_2026_01_COMP_0868,-0.7972,-0.0062,14.55,15.41,15.34,16.09,0,HEALTHY
LOT_2026_01,LOT_2026_01_COMP_0869,-0.0113,-0.9036,17.34,18.87,18.72,18.95,0,HEALTHY
LOT_2026_01,LOT_2026_01_COMP_0870,-0.8627,0.459,16.88,17.8,18.23,18.1,0,HEALTHY
LOT_2026_01,LOT_2026_01_COMP_0871,0.6915,-0.5438,12.24,13.33,13.49,14.54,0,HEALTHY
LOT_2026_01,LOT_2026_01_COMP_0872,-0.2621,0.5758,15.71,16.66,16.93,16.95,0,HEALTHY
LOT_2026_01,LOT_2026_01_COMP_0873,-0.526,0.264,13.63,14.98,15.17,15.1,0,HEALTHY
LOT_2026_01,LOT_2026_01_COMP_0874,0.8761,-0.3341,19.18,20.07,21.43,20.39,0,HEALTHY
LOT_2026_01,LOT_2026_01_COMP_0875,-0.9302,0.1238,14.4,27.94,211.76,1590.24,1,THERMAL_RUNAWAY_EXP
LOT_2026_01,LOT_2026_01_COMP_0876,0.2909,-0.4405,14.9,16.52,16.58,16.96,0,HEALTHY
LOT_2026_01,LOT_2026_01_COMP_0877,0.8796,-0.255,15.86,16.98,17.56,16.95,0,HEALTHY
LOT_2026_01,LOT_2026_01_COMP_0878,-0.7094,-0.2277,14.94,15.96,16.53,16.54,0,HEALTHY
LOT_2026_01,LOT_2026_01_COMP_0879,0.3689,0.6899,13.74,15.14,14.92,15.07,0,HEALTHY
LOT_2026_01,LOT_2026_01_COMP_0880,0.16,0.7124,12.87,13.7,13.78,14.08,0,HEALTHY
LOT_2026_01,LOT_2026_01_COMP_0881,-0.4946,-0.739,16.75,17.41,17.74,19.43,0,HEALTHY
LOT_2026_01,LOT_2026_01_COMP_0882,-0.3821,-0.2004,10.94,12.1,11.91,12.41,0,HEALTHY
LOT_2026_01,LOT_2026_01_COMP_0883,-0.1384,-0.1536,11.67,12.33,13.37,13.66,0,HEALTHY
LOT_2026_01,LOT_2026_01_COMP_0884,0.1874,0.1137,11.62,12.28,12.93,13.63,0,HEALTHY
LOT_2026_01,LOT_2026_01_COMP_0885,-0.2735,-0.0473,9.43,10.46,10.78,10.19,0,HEALTHY
LOT_2026_01,LOT_2026_01_COMP_0886,0.1795,-0.1727,11.23,12.66,11.76,12.57,0,HEALTHY
LOT_2026_01,LOT_2026_01_COMP_0887,0.1817,0.8499,16.8,17.79,18.36,18.15,0,HEALTHY
LOT_2026_01,LOT_2026_01_COMP_0888,0.5707,0.2459,14.92,16.13,16.98,16.94,0,HEALTHY
LOT_2026_01,LOT_2026_01_COMP_0889,-0.6748,0.4071,14.6,15.7,15.34,15.4,0,HEALTHY
LOT_2026_01,LOT_2026_01_COMP_0890,0.5791,-0.2242,12.88,14.12,14.07,14.89,0,HEALTHY
LOT_2026_01,LOT_2026_01_COMP_0891,0.2393,0.4936,14.39,14.66,15.81,15.69,0,HEALTHY
LOT_2026_01,LOT_2026_01_COMP_0892,0.3356,-0.5315,14.9,16.23,16.23,16.78,0,HEALTHY
LOT_2026_01,LOT_2026_01_COMP_0893,0.499,0.8442,17.07,18.48,18.39,18.47,0,HEALTHY
LOT_2026_01,LOT_2026_01_COMP_0894,0.2134,-0.3263,15.63,16.2,17.2,17.45,0,HEALTHY
LOT_2026_01,LOT_2026_01_COMP_0895,-0.5191,0.7604,13.08,25.44,191.94,1443.39,1,THERMAL_RUNAWAY_EXP
LOT_2026_01,LOT_2026_01_COMP_0896,-0.0265,-0.4626,17.26,18.76,18.36,18.9,0,HEALTHY
LOT_2026_01,LOT_2026_01_COMP_0897,0.1096,-0.4882,14.12,15.5,15.09,15.71,0,HEALTHY
LOT_2026_01,LOT_2026_01_COMP_0898,0.5579,-0.0485,10.93,11.67,13.19,11.81,0,HEALTHY
LOT_2026_01,LOT_2026_01_COMP_0899,0.2773,-0.7541,13.16,33.77,94.34,156.12,1,ELECTROMIGRATION_LINEAR
LOT_2026_01,LOT_2026_01_COMP_0900,0.5977,0.2681,14.21,15.48,15.36,15.85,0,HEALTHY
LOT_2026_01,LOT_2026_01_COMP_0901,-0.3137,-0.6512,16.82,17.84,17.73,18.14,0,HEALTHY
LOT_2026_01,LOT_2026_01_COMP_0902,0.3425,-0.4547,14.07,15.15,15.71,15.78,0,HEALTHY
LOT_2026_01,LOT_2026_01_COMP_0903,0.7541,-0.5383,15.3,15.72,16.28,16.92,0,HEALTHY
LOT_2026_01,LOT_2026_01_COMP_0904,-0.7573,-0.5421,13.64,14.66,14.73,15.76,0,HEALTHY
LOT_2026_01,LOT_2026_01_COMP_0905,-0.1581,0.4901,13.25,14.43,14.64,14.86,0,HEALTHY
LOT_2026_01,LOT_2026_01_COMP_0906,0.2578,-0.4161,11.62,12.64,12.83,13.4,0,HEALTHY
LOT_2026_01,LOT_2026_01_COMP_0907,-0.3389,0.7179,11.9,13.99,12.61,13.77,0,HEALTHY
LOT_2026_01,LOT_2026_01_COMP_0908,0.6917,-0.5849,13.64,33.74,94.84,156.34,1,ELECTROMIGRATION_LINEAR
LOT_2026_01,LOT_2026_01_COMP_0909,-0.8504,-0.3852,15.9,17.56,16.83,16.48,0,HEALTHY
LOT_2026_01,LOT_2026_01_COMP_0910,0.6051,0.3221,11.27,12.42,13.22,12.9,0,HEALTHY
LOT_2026_01,LOT_2026_01_COMP_0911,-0.7307,-0.2145,15.62,16.95,17.37,17.5,0,HEALTHY
LOT_2026_01,LOT_2026_01_COMP_0912,0.327,0.5162,12.79,13.93,14.19,14.21,0,HEALTHY
LOT_2026_01,LOT_2026_01_COMP_0913,0.2247,-0.9205,15.94,16.55,17.14,17.67,0,HEALTHY
LOT_2026_01,LOT_2026_01_COMP_0914,-0.4237,-0.1727,14.24,15.64,16.17,15.45,0,HEALTHY
LOT_2026_01,LOT_2026_01_COMP_0915,-0.1733,0.5111,13.46,14.75,14.73,14.84,0,HEALTHY
LOT_2026_01,LOT_2026_01_COMP_0916,-0.5894,-0.7348,15.35,29.54,225.6,1693.82,1,THERMAL_RUNAWAY_EXP
LOT_2026_01,LOT_2026_01_COMP_0917,-0.8353,0.0164,16.52,17.41,18.5,17.94,0,HEALTHY
LOT_2026_01,LOT_2026_01_COMP_0918,0.3013,0.5976,11.27,12.16,12.72,13.22,0,HEALTHY
LOT_2026_01,LOT_2026_01_COMP_0919,0.0409,0.1891,12.13,12.98,13.07,12.95,0,HEALTHY
LOT_2026_01,LOT_2026_01_COMP_0920,0.0832,0.1037,10.02,11.77,11.02,11.71,0,HEALTHY
LOT_2026_01,LOT_2026_01_COMP_0921,-0.0336,-0.1653,9.34,10.4,10.99,10.96,0,HEALTHY
LOT_2026_01,LOT_2026_01_COMP_0922,0.7878,0.5013,18.47,19.68,19.5,20.31,0,HEALTHY
LOT_2026_01,LOT_2026_01_COMP_0923,0.322,-0.797,15.31,16.36,16.54,16.68,0,HEALTHY
LOT_2026_01,LOT_2026_01_COMP_0924,0.3439,0.3849,11.02,12.86,12.42,12.97,0,HEALTHY
LOT_2026_01,LOT_2026_01_COMP_0925,-0.1282,-0.6969,15.09,35.74,97.0,157.39,1,ELECTROMIGRATION_LINEAR
LOT_2026_01,LOT_2026_01_COMP_0926,0.0965,-0.1201,12.24,13.98,13.18,13.41,0,HEALTHY
LOT_2026_01,LOT_2026_01_COMP_0927,0.7286,0.0061,13.06,14.89,14.88,14.45,0,HEALTHY
LOT_2026_01,LOT_2026_01_COMP_0928,0.5589,-0.2366,11.85,12.95,13.36,13.16,0,HEALTHY
LOT_2026_01,LOT_2026_01_COMP_0929,0.1556,-0.3764,15.44,16.53,16.54,16.74,0,HEALTHY
LOT_2026_01,LOT_2026_01_COMP_0930,0.0031,-0.0991,12.16,12.97,13.71,13.67,0,HEALTHY
LOT_2026_01,LOT_2026_01_COMP_0931,-0.3149,-0.8605,13.37,14.75,15.49,14.98,0,HEALTHY
LOT_2026_01,LOT_2026_01_COMP_0932,-0.7756,0.5291,14.24,15.48,15.54,15.42,0,HEALTHY
LOT_2026_01,LOT_2026_01_COMP_0933,0.9194,-0.1045,14.3,15.52,15.62,16.25,0,HEALTHY
LOT_2026_01,LOT_2026_01_COMP_0934,-0.228,0.3306,11.28,12.17,13.24,13.03,0,HEALTHY
LOT_2026_01,LOT_2026_01_COMP_0935,0.5445,0.4278,14.17,15.56,15.86,15.57,0,HEALTHY
LOT_2026_01,LOT_2026_01_COMP_0936,0.7572,0.1256,17.97,19.37,19.69,19.65,0,HEALTHY
LOT_2026_01,LOT_2026_01_COMP_0937,-0.4709,-0.0749,13.51,14.47,14.65,14.42,0,HEALTHY
LOT_2026_01,LOT_2026_01_COMP_0938,0.3892,-0.5953,14.21,15.28,15.55,15.45,0,HEALTHY
LOT_2026_01,LOT_2026_01_COMP_0939,-0.8251,0.0043,18.82,19.58,19.88,20.22,0,HEALTHY
LOT_2026_01,LOT_2026_01_COMP_0940,-0.8081,0.0934,16.46,17.52,17.35,19.02,0,HEALTHY
LOT_2026_01,LOT_2026_01_COMP_0941,0.4858,-0.7706,16.02,17.71,17.4,17.37,0,HEALTHY
LOT_2026_01,LOT_2026_01_COMP_0942,0.339,-0.345,13.71,14.79,15.08,16.01,0,HEALTHY
LOT_2026_01,LOT_2026_01_COMP_0943,-0.0428,-0.9058,15.67,16.99,17.59,17.28,0,HEALTHY
LOT_2026_01,LOT_2026_01_COMP_0944,0.3735,-0.1265,12.47,13.65,13.82,13.87,0,HEALTHY
LOT_2026_01,LOT_2026_01_COMP_0945,0.0683,0.7251,12.82,14.19,14.45,14.24,0,HEALTHY
LOT_2026_01,LOT_2026_01_COMP_0946,0.7269,-0.6077,15.02,15.74,16.25,16.23,0,HEALTHY
LOT_2026_01,LOT_2026_01_COMP_0947,-0.7102,0.531,17.15,17.96,18.69,18.48,0,HEALTHY
LOT_2026_01,LOT_2026_01_COMP_0948,-0.2732,-0.3721,16.66,17.55,17.82,18.6,0,HEALTHY
LOT_2026_01,LOT_2026_01_COMP_0949,-0.3799,-0.3624,12.92,13.86,13.82,13.95,0,HEALTHY
LOT_2026_01,LOT_2026_01_COMP_0950,-0.1847,-0.7603,13.78,15.12,15.1,15.38,0,HEALTHY
LOT_2026_01,LOT_2026_01_COMP_0951,0.6168,0.6832,16.31,17.46,18.03,17.94,0,HEALTHY
LOT_2026_01,LOT_2026_01_COMP_0952,-0.5941,-0.4852,14.32,14.81,16.29,15.99,0,HEALTHY
LOT_2026_01,LOT_2026_01_COMP_0953,0.2406,-0.0785,12.55,12.71,13.82,14.39,0,HEALTHY
LOT_2026_01,LOT_2026_01_COMP_0954,-0.6626,0.7302,17.19,18.15,18.66,18.95,0,HEALTHY
LOT_2026_01,LOT_2026_01_COMP_0955,0.1692,0.2055,12.32,14.08,13.75,14.54,0,HEALTHY
LOT_2026_01,LOT_2026_01_COMP_0956,0.5592,0.8154,17.15,18.66,18.33,18.8,0,HEALTHY
LOT_2026_01,LOT_2026_01_COMP_0957,0.2717,0.2465,11.45,12.8,12.71,12.88,0,HEALTHY
LOT_2026_01,LOT_2026_01_COMP_0958,0.8657,0.4583,18.65,19.39,20.44,20.15,0,HEALTHY
LOT_2026_01,LOT_2026_01_COMP_0959,0.523,-0.2873,10.05,10.8,11.56,11.47,0,HEALTHY
LOT_2026_01,LOT_2026_01_COMP_0960,-0.9225,-0.1583,20.51,21.84,22.09,22.33,0,HEALTHY
LOT_2026_01,LOT_2026_01_COMP_0961,0.1948,-0.3439,14.57,15.66,16.23,16.29,0,HEALTHY
LOT_2026_01,LOT_2026_01_COMP_0962,-0.2222,-0.9098,13.83,14.21,15.81,15.09,0,HEALTHY
LOT_2026_01,LOT_2026_01_COMP_0963,0.6239,0.649,16.46,17.02,17.95,17.5,0,HEALTHY
LOT_2026_01,LOT_2026_01_COMP_0964,-0.1685,-0.4607,13.82,14.4,15.87,15.39,0,HEALTHY
LOT_2026_01,LOT_2026_01_COMP_0965,-0.0043,-0.9134,17.62,35.0,50.37,59.52,1,NBTI_POWER_LAW
LOT_2026_01,LOT_2026_01_COMP_0966,-0.0502,-0.2976,12.43,13.79,14.06,13.24,0,HEALTHY
LOT_2026_01,LOT_2026_01_COMP_0967,0.0675,-0.4578,13.38,14.14,15.21,14.94,0,HEALTHY
LOT_2026_01,LOT_2026_01_COMP_0968,0.6464,0.0314,14.84,15.91,16.3,16.39,0,HEALTHY
LOT_2026_01,LOT_2026_01_COMP_0969,0.8293,-0.1752,16.81,17.48,18.69,18.84,0,HEALTHY
LOT_2026_01,LOT_2026_01_COMP_0970,0.0082,0.9369,17.27,18.3,18.91,18.83,0,HEALTHY
LOT_2026_01,LOT_2026_01_COMP_0971,0.0728,0.4194,13.79,14.92,14.98,15.8,0,HEALTHY
LOT_2026_01,LOT_2026_01_COMP_0972,0.0514,0.1872,14.04,15.1,15.01,15.41,0,HEALTHY
LOT_2026_01,LOT_2026_01_COMP_0973,-0.8102,-0.1705,15.08,16.15,16.49,16.39,0,HEALTHY
LOT_2026_01,LOT_2026_01_COMP_0974,0.5622,-0.7991,18.56,19.34,20.03,20.31,0,HEALTHY
LOT_2026_01,LOT_2026_01_COMP_0975,-0.8641,0.4214,16.01,16.82,17.91,17.29,0,HEALTHY
LOT_2026_01,LOT_2026_01_COMP_0976,0.677,0.5929,14.72,15.95,16.2,16.39,0,HEALTHY
LOT_2026_01,LOT_2026_01_COMP_0977,0.8575,-0.3633,16.52,17.84,17.31,18.71,0,HEALTHY
LOT_2026_01,LOT_2026_01_COMP_0978,0.0268,0.5835,13.23,13.94,14.11,14.67,0,HEALTHY
LOT_2026_01,LOT_2026_01_COMP_0979,0.5198,-0.7628,16.46,17.64,17.7,18.01,0,HEALTHY
LOT_2026_01,LOT_2026_01_COMP_0980,-0.8329,-0.1557,13.3,14.75,14.49,15.23,0,HEALTHY
LOT_2026_01,LOT_2026_01_COMP_0981,0.2999,-0.1449,9.64,10.34,10.79,11.58,0,HEALTHY
LOT_2026_01,LOT_2026_01_COMP_0982,0.5881,0.2354,12.46,13.34,13.92,13.64,0,HEALTHY
LOT_2026_01,LOT_2026_01_COMP_0983,-0.6651,-0.4362,12.2,13.28,13.54,13.88,0,HEALTHY
LOT_2026_01,LOT_2026_01_COMP_0984,-0.4372,-0.266,13.59,14.79,14.79,15.03,0,HEALTHY
LOT_2026_01,LOT_2026_01_COMP_0985,-0.856,0.4077,16.94,18.1,17.78,18.11,0,HEALTHY
LOT_2026_01,LOT_2026_01_COMP_0986,-0.6695,-0.3715,16.7,17.89,18.63,18.1,0,HEALTHY
LOT_2026_01,LOT_2026_01_COMP_0987,-0.6396,0.1527,15.18,16.69,15.66,16.22,0,HEALTHY
LOT_2026_01,LOT_2026_01_COMP_0988,0.3835,-0.4257,13.8,14.72,15.27,15.43,0,HEALTHY
LOT_2026_01,LOT_2026_01_COMP_0989,0.8439,-0.4822,16.1,18.24,16.95,17.73,0,HEALTHY
LOT_2026_01,LOT_2026_01_COMP_0990,0.0659,0.164,13.41,14.85,14.8,14.65,0,HEALTHY
LOT_2026_01,LOT_2026_01_COMP_0991,-0.7206,0.4401,13.64,14.47,14.92,14.65,0,HEALTHY
LOT_2026_01,LOT_2026_01_COMP_0992,0.3968,0.472,14.48,15.72,15.89,15.75,0,HEALTHY
LOT_2026_01,LOT_2026_01_COMP_0993,0.3567,0.0305,13.99,14.47,15.37,15.89,0,HEALTHY
LOT_2026_01,LOT_2026_01_COMP_0994,0.2507,-0.6044,13.55,14.9,15.03,14.78,0,HEALTHY
LOT_2026_01,LOT_2026_01_COMP_0995,0.0965,0.0435,13.54,14.68,15.06,15.53,0,HEALTHY
LOT_2026_01,LOT_2026_01_COMP_0996,0.5363,0.7908,17.56,18.36,19.14,18.43,0,HEALTHY
LOT_2026_01,LOT_2026_01_COMP_0997,0.9582,0.1693,16.63,18.1,18.15,18.51,0,HEALTHY
LOT_2026_01,LOT_2026_01_COMP_0998,-0.2677,-0.2811,11.28,11.37,12.84,12.84,0,HEALTHY
LOT_2026_01,LOT_2026_01_COMP_0999,-0.9052,0.2951,17.93,18.72,18.71,19.68,0,HEALTHY
